課程代碼,研習名稱,性質,課程開始日期,課程結束日期,辦理研習單位,開課地點
4043616,Pensieve in English Class(高三下的課堂設計),非學分班,2023/11/14,2023/11/14,新竹市 國立新竹女中,新竹市新竹市
4044064,教育部國民及學前教育署補助高級中等學校英語文課程全英語授課計畫「跨校共備社群」-陳怡穎老師公開觀議課,非學分班,2023/11/14,2023/11/14,高雄市 市立仁武高中,高雄市仁武區
4044280,[素養導向]地熱在氣候危機的角色與全球發展,非學分班,2023/11/14,2023/11/14,臺北市 臺北市立成功高級中學,臺北市中正區
4047783,112學年因材網高中化學的知識節點結構與教學應用實務推廣,非學分班,2023/11/14,2023/11/14,彰化縣 縣立成功高中,新北市三重區
4047935,特色課程成果分享會暨雙語公開觀課,非學分班,2023/11/14,2023/11/14,宜蘭縣 國立羅東高中,宜蘭縣羅　東
4049002,意想不到的溪遊記-大溪學課程分享,非學分班,2023/11/14,2023/11/14,臺中市 市立臺中二中,臺中市北　區
4050412,113年度高級中等學校學生學習扶助方案補助要點暨管理系統說明會計畫(南區場),非學分班,2023/11/14,2023/11/14,彰化縣 國立彰化女中,彰化縣彰　化
4062382,北歐風聖誕花圈,非學分班 (校本研習),2023/11/14,2023/11/14,桃園市 桃園市振聲高中,桃園市桃　園
4073813,[精進數位]A2數位學習工作坊（二）,非學分班,2023/11/14,2023/11/14,臺中市 市立惠文高中,臺中市南屯區
4087784,人工智慧辨識及物聯網互動初階教學,非學分班,2023/11/14,2023/11/14,彰化縣 國立鹿港高中,彰化縣鹿　港
4089922,臺中市立文華高級中等學校112學年度 「數位工具在英語課室的運用:從教師備課至學生學習」 專題講座,非學分班,2023/11/14,2023/11/14,臺中市 市立文華高中,臺中市西屯區
4092653,教師資訊增能-GCE Level 1認證教育家研習,非學分班,2023/11/14,2023/12/05,苗栗縣 國立卓蘭高中,苗栗縣卓　蘭
4093006,國際教育課程與專案經驗分享研習,非學分班 (種子研習),2023/11/14,2023/11/14,高雄市 國立鳳新高中,高雄市鳳山區
4094419,HOW自主學習—德意洋洋談德語自學到外語自學,非學分班,2023/11/14,2023/11/14,臺中市 市立豐原高中,臺中市豐原區
課程代碼,研習名稱,性質,課程開始日期,課程結束日期,辦理研習單位,開課地點
4096280,[SDGs]地方創生×SDGs實踐家講座,非學分班,2023/11/14,2023/11/14,新竹縣 縣立湖口高中,新竹縣湖　口
4096469,[素養導向]物理實驗增能,非學分班,2023/11/14,2023/11/14,新北市 市立板橋高中,新北市板橋區
4096488,[素養導向]台灣地熱開發的現況與願景,非學分班,2023/11/14,2023/11/14,新北市 市立板橋高中,新北市板橋區
4097319,華中地球日素養導向闖關活動研習,非學分班 (校本研習),2023/11/14,2023/11/14,臺中市 私立華盛頓高中,臺中市太平區
4097335,新興科技教育遠距示範服務計畫之Fab Lab促進學校飛行控制實際演練課程(5),非學分班,2023/11/14,2023/11/14,臺北市 臺北巿立第一女子高級中學,臺北市中正區
4097636,必修選修課可以這樣教,非學分班,2023/11/14,2023/11/14,臺南市 國立新化高中,臺南市新化區
4109762,[素養導向]地理一海岸地形 探究活動教學分享,非學分班,2023/11/14,2023/11/14,新北市 市立板橋高中,新北市板橋區
4110521,[領綱素養]英文繪本多元選修—Everything begins with a story..,非學分班,2023/11/14,2023/11/14,桃園市 市立新屋高級中等學校,桃園市新　屋
4111661,[媒體素養]選情風向球-媒體素養桌遊,非學分班,2023/11/14,2023/11/14,臺北市 國立師大附中,臺北市大安區
4113525,數位素養-數位載具融入體育科教學公開觀課,非學分班,2023/11/14,2023/11/14,嘉義縣 國立新港藝術高中,嘉義縣新　港
4113638,臺中市112學年度人工智慧融入國中國語文領域教學種子教師工作坊(二),非學分班,2023/11/14,2023/11/14,臺中市 市立清水高中,臺中市西屯區
4114802,[素養導向]學測作文教學解析,非學分班,2023/11/14,2023/11/14,新竹縣 縣立六家高級中學,新竹縣竹　北
4114936,臺北市教育局高中課程與教學工作圈112年度家政學科平台教師專業成長研習-飲食素養教學與評量教案分享研習,非學分班,2023/11/14,2023/11/14,臺北市 臺北市立復興高級中學,臺北市北投區
4115736,[教學輔導]關係取向深度心理治療在學校輔導工作中的實務運用,非學分班,2023/11/14,2023/11/14,新竹市 市立香山高中,新竹市新竹市
4115967,Chatgpt APP 認識鴻門宴,非學分班 (校本研習),2023/11/14,2023/11/14,桃園市 桃園市振聲高中,桃園市桃　園
4115999,設計群教材研發研習,非學分班 (校本研習),2023/11/14,2023/11/14,桃園市 桃園市育達高中,桃園市平　鎮
4116004,高中國文科教材研發研習,非學分班 (校本研習),2023/11/14,2023/11/14,桃園市 桃園市育達高中,桃園市平　鎮
4116011,高職國文科教材研發研習,非學分班 (校本研習),2023/11/14,2023/11/14,桃園市 桃園市育達高中,桃園市平　鎮
4116652,112-1 「全英授課計劃執行實例分享」工作坊,非學分班,2023/11/14,2023/11/14,高雄市 市立路竹高中,高雄市路竹區
4119416,[雙語教育]Speaking Practice for Textbook Teaching,非學分班,2023/11/14,2023/11/14,臺中市 私立僑泰高中,臺中市大里區
課程代碼,研習名稱,性質,課程開始日期,課程結束日期,辦理研習單位,開課地點
4120364,桃園市立觀音高中校內資訊研習(二),非學分班,2023/11/14,2023/11/14,桃園市 市立觀音高中,桃園市觀　音
4120372,桃園市立觀音高中校內資訊研習(七),非學分班,2023/11/14,2023/11/14,桃園市 市立觀音高中,桃園市觀　音
4122117,AI在教學上應用,非學分班 (校本研習),2023/11/14,2023/11/14,桃園市 桃園市振聲高中,桃園市桃　園
4122256,自主學習指導教師增能研習,非學分班,2023/11/14,2023/11/14,彰化縣 縣立田中高中,彰化縣田　中
4122261,臺北市112年度公私立高級中等學校生命教育中心學校專業成長組-莊子.內七篇(第三場),非學分班,2023/11/14,2023/11/14,臺北市 臺北市立復興高級中學,臺北市北投區
4124090,生成式 AI專業知能講座(二),非學分班,2023/11/14,2023/11/14,臺南市 國立臺南一中,臺南市東　區
4124447,112-1-藝文領域辦理子計畫B「教師增能」計畫,非學分班,2023/11/14,2023/11/14,新竹市 市立建功高中,新竹市新竹市
4124453,112-1-藝文領域辦理子計畫A-高二加深加廣(多媒體音樂)課程,非學分班,2023/11/14,2023/11/14,新竹市 市立建功高中,新竹市新竹市
4126597,112-1英文科-SDGs議題,非學分班 (校本研習),2023/11/14,2023/11/14,臺中市 私立曉明女中,臺中市北　區
4127241,資訊融入教學 - 以行動學習為例,非學分班,2023/11/14,2023/11/14,桃園市 市立壽山高中,桃園市龜　山
4127294,[雙語教育]112學年度雙語班公開觀課 - Fun心學美式數學 直線與圓的關係公開觀課研習,非學分班,2023/11/14,2023/11/14,新竹縣 國立竹北高中,新竹縣竹　北
4128457,教學研討增能研習,非學分班,2023/11/14,2023/11/22,桃園市 市立龍潭高中,桃園市龍　潭
4128511,我的冒險旅程－走繩體驗,非學分班,2023/11/14,2023/11/14,高雄市 市立中正高中,高雄市苓雅區
4129927,雙語教學教師增能研習,非學分班 (校本研習),2023/11/14,2023/11/14,臺中市 市立龍津高中,臺中市龍井區
3933160,[素養導向]高級中等學校新課綱部定選修性別史增能線上研習(一),非學分班,2023/11/15,2023/11/15,新北市 市立板橋高中,新北市板橋區
4022167,作家有約-新詩講座,非學分班,2023/11/15,2023/11/15,宜蘭縣 國立羅東高中,宜蘭縣羅　東
4023005,聖誕羊毛氈畫,非學分班 (校本研習),2023/11/15,2023/11/22,桃園市 桃園市振聲高中,桃園市桃　園
4023502,媒體素養與媒體監督：媒體這麼爛，我該怎麼辦？,非學分班,2023/11/15,2023/11/15,新竹縣 國立竹東高中,新竹縣竹　東
4030220,六家科技中心【國小資議】AIOT人工智能教師增能研習,非學分班,2023/11/15,2023/11/15,新竹縣 縣立六家高級中學,新竹縣竹　北
4030979,[家庭教育]學校與家庭中的正向教養(二) 特殊生的情緒應對及親師溝通策略,非學分班,2023/11/15,2023/11/15,新竹市 國立竹科實驗高級中等學校,新竹市新竹市
課程代碼,研習名稱,性質,課程開始日期,課程結束日期,辦理研習單位,開課地點
4045151,教育部國民及學前教育署補助高級中等學校 部分領域課程雙語教學計畫「雙語教學共備社群」-口語課,非學分班,2023/11/15,2023/11/15,高雄市 市立仁武高中,高雄市仁武區
4051202,[SDGs]臺北市公民與社會科學科平台_SDGs新玩『髮』之探究與實作,非學分班,2023/11/15,2023/11/15,臺北市 臺北市立內湖高級中學,臺北市大安區
4062266,112均質化｢永｣動核心｢慶｣生活-校內核心訓練課程工作坊-營養學,非學分班,2023/11/15,2023/11/15,嘉義縣 縣立永慶高中,嘉義縣太　保
4062605,112-1-社會領域辦理子計畫A-課綱課程發展計畫增能研習-法律經驗實務分享,非學分班,2023/11/15,2023/11/15,新竹市 市立建功高中,新竹市新竹市
4073532,112學年度第1學期數學領域新進教師-謝閔盛教師教學演示,非學分班 (校本研習),2023/11/15,2023/11/15,臺中市 私立立人高中,臺中市大里區
4075962,新興科技創意教案研習營,非學分班,2023/11/15,2023/11/15,宜蘭縣 國立羅東高中,宜蘭縣羅　東
4087304,[精進數位]HiTeach X SAMR生生用平板增能工作坊,非學分班,2023/11/15,2023/11/15,臺北市 臺北市立百齡高級中學,臺北市士林區
4091949,互動式行銷-大樹的禮讚(大樹、水晶、金屬編織三合一),非學分班,2023/11/15,2023/11/15,雲林縣 國立北港高中,雲林縣北　港
4095829,[精進數位]A2數位學習工作坊(二)Google Classroom,非學分班,2023/11/15,2023/11/15,苗栗縣 國立苗栗高中,苗栗縣苗　栗
4096467,[素養導向]議題實境遊戲在課程中的運用 -2.遊戲架構與解構,非學分班,2023/11/15,2023/11/15,新北市 市立板橋高中,新北市板橋區
4097700,療癒編織~星之花,非學分班,2023/11/15,2023/11/15,新竹縣 私立義民高中,新竹縣竹　北
4097754,中正科技中心【國小資議】紙張雷射切割應用-彩虹泡泡棒製作,非學分班,2023/11/15,2023/11/15,高雄市 市立中正高中,高雄市苓雅區
4108603,路竹科技中心夥伴學校教師社群研習【國小科議】手擲機應用,非學分班,2023/11/15,2023/11/15,高雄市 市立路竹高中,高雄市路竹區
4109454,機電整合負載控制進階研習,非學分班,2023/11/15,2023/11/15,桃園市 市立龍潭高中,桃園市龍　潭
4109675,婚紗產業與彩妝造型,非學分班 (校本研習),2023/11/15,2023/11/15,桃園市 桃園市振聲高中,桃園市桃　園
4109676,永慶科技中心【國小科議】電路開關運用-以聲控旋轉木馬為例,非學分班,2023/11/15,2023/11/15,嘉義縣 縣立永慶高中,嘉義縣太　保
4109763,[素養導向]地理三歐洲文明的發展與擴散探究活動教學分享,非學分班,2023/11/15,2023/11/15,新北市 市立板橋高中,新北市板橋區
4110642,說觀議增能研習-The World Music --- Road Trip of American,非學分班,2023/11/15,2023/11/15,臺中市 市立臺中一中,臺南市新營區
4111951,自主學習指導教師工作坊,非學分班,2023/11/15,2023/11/15,屏東縣 國立屏東高中,屏東縣屏　東
4111972,國立溪湖高中112學年度全校輔導知能研習,非學分班,2023/11/15,2023/11/15,彰化縣 國立溪湖高中,彰化縣溪　湖
課程代碼,研習名稱,性質,課程開始日期,課程結束日期,辦理研習單位,開課地點
4112081,自來水管配管,非學分班,2023/11/15,2023/11/15,臺中市 私立致用高中,臺中市大甲區
4112666,[領綱素養]112(1)優質化C-1-2 課程諮詢輔導工作小組第二場研習：團體課程諮詢困難解決策略與選課輔導,非學分班,2023/11/15,2023/11/15,彰化縣 財團法人正德高中,彰化縣彰　化
4113382,【素養導向】詩經簡介,非學分班,2023/11/15,2023/11/15,南投縣 私立弘明實驗高中,南投縣名　間
4113501,112年度高中優質化專題ENJOY教師社群共備工作坊(五),非學分班 (校本研習),2023/11/15,2023/11/15,臺中市 國立興大附中,臺中市大里區
4113607,[SDGs]SDGs理念融入校訂課程教學設計,非學分班,2023/11/15,2023/11/15,彰化縣 縣立田中高中,彰化縣田　中
4114908,彰化在地產業體驗-稻作文化,非學分班,2023/11/15,2023/11/15,彰化縣 縣立彰化藝術高中,彰化縣彰　化
4115704,從數學建模到人工智慧,非學分班,2023/11/15,2023/11/15,臺中市 國立興大附中,臺中市大里區
4115884,[教學輔導]112學年度輔導增能研習-「校園學生自傷處理」,非學分班,2023/11/15,2023/11/15,臺中市 市立忠明高中,臺中市西　區
4115945,高雄市112學年度健康促進議題網路問卷填報說明研習（11月15日）,非學分班,2023/11/15,2023/11/15,高雄市 市立前鎮高中,高雄市前鎮區
4116025,資處科教材研發研習,非學分班 (校本研習),2023/11/15,2023/11/15,桃園市 桃園市育達高中,桃園市平　鎮
4116029,商科教師教材研發研習,非學分班 (校本研習),2023/11/15,2023/11/15,桃園市 桃園市育達高中,桃園市平　鎮
4116035,植物萃取法及皂化反應研習,非學分班,2023/11/15,2023/11/15,臺中市 市立大甲高中,臺中市大甲區
4117234,國立鳳山高中優質化112學年度第一學期「身心平衡、展望未來」共備社群(2)：發掘自然智能–創造人與植物間的連結,非學分班 (校本研習),2023/11/15,2023/11/15,高雄市 國立鳳山高中,高雄市鳳山區
4119094,中區第一組第三群學習型諮輔專題講座,非學分班,2023/11/15,2023/11/15,臺中市 市立中港高中,臺中市梧棲區
4119317,優質化「運動場上的性別平權-混排探討與實施」,非學分班,2023/11/15,2023/11/15,臺中市 市立臺中一中,臺中市北　區
4119319,112學年度高中均質化112-4-1.4 特色教學計畫-居家水電檢測與保養第二場,非學分班,2023/11/15,2023/11/15,新竹縣 私立東泰高中,新竹縣竹　東
4119331,112學年度高中均質化方案112-4-4.4 特色教學計畫-原住民特色料理教學第一場,非學分班,2023/11/15,2023/11/15,新竹縣 私立東泰高中,新竹縣竹　東
4119334,112學年度高中均質化方案112-4-4.4 特色教學計畫-原住民特色料理教學第二場,非學分班,2023/11/15,2023/11/15,新竹縣 私立東泰高中,新竹縣竹　東
4120194,112學年度均質化跨校課程典範分享學習活動-普通型高中場,非學分班,2023/11/15,2023/11/15,屏東縣 國立屏東高中,屏東縣屏　東
4120427,[精進數位]A2數位學習工作坊(二),非學分班,2023/11/15,2023/11/15,屏東縣 國立屏北高中,屏東縣鹽　埔
課程代碼,研習名稱,性質,課程開始日期,課程結束日期,辦理研習單位,開課地點
4122105,[素養導向]旭光科技中心【國中生科】環氧樹脂複合媒材應用實作-場次1(112/11/15) ,非學分班,2023/11/15,2023/11/15,南投縣 縣立旭光高中,南投縣草　屯
4122115,校內教職員家庭教育知能研習,非學分班 (校本研習),2023/11/15,2023/11/15,高雄市 國立旗美高中,高雄市旗山區
4122321,【優質化跨校社群】電⼦聲響製作與應⽤,非學分班,2023/11/15,2023/11/15,高雄市 市立新莊高中,高雄市左營區
4124155,112-1-教務處註冊組辦理子計畫C-學習歷程工作小組教師研習,非學分班,2023/11/15,2023/11/15,新竹市 市立建功高中,新竹市新竹市
4124232,[領綱素養]國寫應試策略,非學分班,2023/11/15,2023/11/15,桃園市 市立新屋高級中等學校,桃園市新　屋
4124389,雙語教師專業社群成長多益研習(四),非學分班,2023/11/15,2023/11/15,臺中市 私立新民高中,臺中市北　區
4124436,112-1-健體領域辦理子計畫B-3「社會共好主題社群」計畫,非學分班,2023/11/15,2023/11/15,新竹市 市立建功高中,新竹市新竹市
4125173,慧燈高級中學均質化112學年度第1學期資源共享校園加值計畫-地方創生及課程發展,非學分班,2023/11/15,2023/11/15,宜蘭縣 私立慧燈高中,宜蘭縣員　山
4125315,輔導科教師社群增能研習,非學分班,2023/11/15,2023/11/15,臺中市 市立臺中二中,臺中市北　區
4126545,112-1英文科-素養命題研討,非學分班 (校本研習),2023/11/15,2023/11/15,臺中市 私立曉明女中,臺中市北　區
4126684,[雙語教育]112學年度第一學期雙語教學共備增能工作坊(九),非學分班,2023/11/15,2023/11/15,宜蘭縣 國立宜蘭高中,宜蘭縣宜　蘭
4126687,[性平教育]性別平等暨生命教育宣導,非學分班,2023/11/15,2023/11/15,屏東縣 屏東縣崇華高中,屏東縣長　治
4126763,112安樂科技中心【國中小資訊】「資訊科技創意實作競賽」教師培訓研習第一場次,非學分班,2023/11/15,2023/11/15,基隆市 市立安樂高中,基隆市安樂區
4129779,課室英語應用於課堂I,非學分班,2023/11/15,2023/11/15,高雄市 市立中正高中,高雄市苓雅區
4020081,[素養導向]112年台南市輔導團提問工作坊,非學分班,2023/11/16,2023/11/16,臺南市 市立大灣高中,臺南市永康區
4024555,112-1自然科學探究與實作教材教法及命題系列工作坊三_桃竹苗場,非學分班,2023/11/16,2023/11/16,臺北市 國立師大附中,桃園市中　壢
4026972,[素養導向]小丑默劇特訓班,非學分班,2023/11/16,2023/11/16,新北市 市立板橋高中,新北市板橋區
4028138,珍愛生命守門人課程(四)小路的選擇-故事體驗網頁介紹,非學分班,2023/11/16,2023/11/16,新竹縣 國立關西高中,新竹縣關　西
4029075,Podcast在教學上的應用,非學分班,2023/11/16,2023/11/16,高雄市 市立瑞祥高中,高雄市前鎮區
4031267,(前鎮高中-薩提爾模式在個別諮商與團體諮商的運用)-工作坊-112年度高中職輔導教師團體督導(2),非學分班,2023/11/16,2023/11/16,高雄市 市立前鎮高中,高雄市前鎮區
課程代碼,研習名稱,性質,課程開始日期,課程結束日期,辦理研習單位,開課地點
4042592,112-1 【Google for Education數位資訊增能】工作坊B5(混成研習),非學分班,2023/11/16,2023/11/16,高雄市 市立路竹高中,高雄市路竹區
4043865,二林科技中心教師增能研習風力彈力車與動力船,非學分班,2023/11/16,2023/11/16,彰化縣 縣立二林高中,彰化縣二　林
4045487,113年臺中市教學卓越獎初選輔導系列工作坊11/16幼兒園,非學分班,2023/11/16,2023/11/16,臺中市 市立臺中二中,臺中市北　區
4045491,113年臺中市教學卓越獎初選輔導系列工作坊11/16國小場,非學分班,2023/11/16,2023/11/16,臺中市 市立臺中二中,臺中市北　區
4045520,113年臺中市教學卓越獎初選輔導系列工作坊11/16國中場,非學分班,2023/11/16,2023/11/16,臺中市 市立臺中二中,臺中市北　區
4047795,112學年因材網高中化學的知識節點結構與教學應用實務推廣,非學分班,2023/11/16,2023/11/16,彰化縣 縣立成功高中,桃園市桃　園
4047945,學習歷程檔案,非學分班,2023/11/16,2023/11/16,彰化縣 縣立和美高中,彰化縣和　美
4050043,中山大學附中112-1優質化國光地球村──台灣與日本（或新加坡）新課綱內容及實施狀況比較研究,非學分班,2023/11/16,2023/11/16,高雄市 國立中山大學附屬國光高中,高雄市楠梓區
4073584,[性平教育]「談性，彈性～青少年性議題體驗式增能基礎方案」第三階段工作坊(第二場次),非學分班,2023/11/16,2023/11/16,新北市 市立板橋高中,新北市板橋區
4076065,[防災教育]實驗場所災害分析及職業安全衛生實務-臺中一中,非學分班,2023/11/16,2023/11/16,臺中市 市立臺中一中,臺中市北　區
4089999,112年度英文科社群共備(六),非學分班,2023/11/16,2023/11/16,宜蘭縣 國立宜蘭高中,宜蘭縣宜　蘭
4092831,112-1【GCE考證經驗分享與GCE技能在教學上的應用】工作坊,非學分班,2023/11/16,2023/11/16,高雄市 市立路竹高中,高雄市路竹區
4092955,茶道與草屯在地農食藝術文化,非學分班 (校本研習),2023/11/16,2023/11/16,南投縣 縣立旭光高中,南投縣草　屯
4096471,[素養導向]國文科筆試與試教要領(三),非學分班,2023/11/16,2023/11/16,新北市 市立板橋高中,新北市板橋區
4108589,路竹科技中心夥伴學校教師社群研習【國中生科】學校模型祈福燈,非學分班,2023/11/16,2023/11/16,高雄市 市立路竹高中,高雄市茄萣區
4109540,實境遊戲工作坊－我的教室是密室,非學分班,2023/11/16,2023/11/16,臺中市 市立臺中一中,臺中市北　區
4110714,[精進數位]A2數位學習工作坊(二)數位學習平台應用,非學分班,2023/11/16,2023/11/16,彰化縣 國立鹿港高中,彰化縣鹿　港
4111825,人工智慧工具融入國、高中教學現場的應用（竹山場次）,非學分班,2023/11/16,2023/11/16,南投縣 國立竹山高中,南投縣竹　山
4111909,國中生涯我會做的十件事,非學分班 (校本研習),2023/11/16,2023/11/16,彰化縣 縣立二林高中,彰化縣二　林
4113703,112學年度第1學期優質化112-A3深化教師教學專業，112-A3-1提升教師專業知能-商管群資料處理科教師專業增能提升(ㄧ) AI人工智慧行銷,非學分班,2023/11/16,2023/11/16,臺中市 私立明台高中,臺中市霧峰區
課程代碼,研習名稱,性質,課程開始日期,課程結束日期,辦理研習單位,開課地點
4116034,高職數學科教材教法學生學習效果討論,非學分班 (校本研習),2023/11/16,2023/11/16,桃園市 桃園市育達高中,桃園市平　鎮
4116037,高中英文科教材研發研習,非學分班 (校本研習),2023/11/16,2023/11/16,桃園市 桃園市育達高中,桃園市平　鎮
4116682,自主學習成果撰寫技巧,非學分班,2023/11/16,2023/11/16,新竹縣 國立竹北高中,新竹縣竹　北
4120374,桃園市立觀音高中校內資訊研習(八),非學分班,2023/11/16,2023/11/16,桃園市 市立觀音高中,桃園市觀　音
4120437,[素養導向]國立善化高中112學年第一學期自然科課程教學與學習評量之探究之二,非學分班,2023/11/16,2023/11/16,臺南市 國立善化高中,臺南市善化區
4120440,[素養導向]國立善化高中112學年第一學期社會科課程教學與學習評量之探究之二,非學分班,2023/11/16,2023/11/16,臺南市 國立善化高中,臺南市善化區
4122125,高中數學科教材研發研習,非學分班 (校本研習),2023/11/16,2023/11/16,桃園市 桃園市育達高中,桃園市平　鎮
4122128,高職英語科教務發展研討會,非學分班 (校本研習),2023/11/16,2023/11/16,桃園市 桃園市育達高中,桃園市平　鎮
4122132,應用英語科教務發展研討會,非學分班 (校本研習),2023/11/16,2023/11/16,桃園市 桃園市育達高中,桃園市平　鎮
4122143,應用日語科教務發展研討會,非學分班 (校本研習),2023/11/16,2023/11/16,桃園市 桃園市育達高中,桃園市平　鎮
4122295,永慶科技中心【國中生科】機構與結構運用-運輸車,非學分班,2023/11/16,2023/11/16,嘉義縣 縣立永慶高中,嘉義縣太　保
4122374,永慶科技中心【國中生科】電與控制-運輸車,非學分班,2023/11/16,2023/11/16,嘉義縣 縣立永慶高中,嘉義縣太　保
4123882,[領綱素養]課程諮詢輔導,非學分班,2023/11/16,2023/11/16,基隆市 國立基隆女中,基隆市信義區
4125403,臺中市112學年度人工智慧融入國中藝術領域教學種子教師工作坊(一),非學分班,2023/11/16,2023/11/16,臺中市 市立清水高中,臺中市西屯區
4127386,[雙語教育]雙語教學：高中家政的雙語教學經驗分享,非學分班,2023/11/16,2023/11/16,基隆市 市立八斗高中,基隆市中正區
4127464,[精進數位]AILEAD365線上教學平臺基本操作、功能介紹及教學應用,非學分班,2023/11/16,2023/11/16,高雄市 市立林園高中,高雄市林園區
4128439,資通安全基礎教師研習,非學分班 (校本研習),2023/11/16,2023/11/16,桃園市 私立大華高中,桃園市楊　梅
3932718,作家登場---《偽魚販指南》創作經驗分享,非學分班,2023/11/17,2023/11/17,南投縣 國立暨大附中,南投縣埔　里
3980078,[初階回饋]教師研習工作坊(6),非學分班 (校本研習),2023/11/17,2023/11/17,高雄市 私立大榮高中,高雄市鼓山區
3990840,112年「國民中小學教師全民國防教育活動」,非學分班,2023/11/17,2023/11/17,高雄市 市立文山高中,高雄市三民區
課程代碼,研習名稱,性質,課程開始日期,課程結束日期,辦理研習單位,開課地點
4002606,輔導教師成長團體實施計畫-個別督導,非學分班,2023/11/17,2023/11/17,高雄市 市立仁武高中,高雄市仁武區
4002626,高雄市112年度大寮分區國中兼任輔導教師團體督導會議第5場次,非學分班,2023/11/17,2023/11/17,高雄市 市立仁武高中,高雄市仁武區
4016362,CNC雕刻：糕餅模具,非學分班,2023/11/17,2023/11/17,雲林縣 國立北港高中,雲林縣北　港
4031106,[SDGs]認識陸域哺乳動物與環境保護與保育工作,非學分班,2023/11/17,2023/11/17,屏東縣 國立潮州高中,屏東縣潮　州
4043640,112學年度第1學期觀課議課-國中數學,非學分班,2023/11/17,2023/11/17,桃園市 桃園市治平高中,桃園市楊　梅
4043655,112學年度第1學期觀課議課-商管群電腦類,非學分班,2023/11/17,2023/11/21,桃園市 桃園市治平高中,桃園市楊　梅
4047008,112年度國教署高中職北二區輔導主任、組長、輔導教師及專業輔導人員在職訓練,非學分班,2023/11/17,2023/11/17,桃園市 國立中央大學附屬中壢高中,桃園市中　壢
4047341,家庭教育-家庭教育與學校教育之融合,非學分班,2023/11/17,2023/11/17,雲林縣 私立巨人高中,雲林縣北　港
4047962,112學年度彰二區均質化資訊平台分享研習,非學分班,2023/11/17,2023/11/17,彰化縣 私立文興高中,彰化縣田　中
4049225,[素養導向]國中端說明會暨學職涯體驗活動,非學分班,2023/11/17,2023/11/17,臺北市 臺北市私立金甌女子高級中學,臺北市大安區
4061636,[精進數位]A1數位學習工作坊(一)-北區校長研習,非學分班,2023/11/17,2023/11/17,新竹市 國立竹科實驗高級中等學校,新竹市新竹市
4073386,縫紉機操作及水壺提袋製作,非學分班,2023/11/17,2023/11/17,彰化縣 縣立彰化藝術高中,彰化縣彰　化
4075787,112年勞工安全衛生在職教育訓練,非學分班,2023/11/17,2023/11/17,高雄市 國立岡山高中,高雄市岡山區
4087417,自主學習暨學習歷程檔案教師增能工作坊,非學分班,2023/11/17,2023/11/17,基隆市 國立基隆女中,基隆市信義區
4087630,112年度下半年南投區輔導教師團體督導  第二次提案討論,非學分班,2023/11/17,2023/11/17,南投縣 國立中興高中,南投縣南　投
4094770,[性平教育]高雄市112年度「運動教練等執行或協助教學及定期執行學校事務之教職員工性別平等教育知能研習」,非學分班,2023/11/17,2023/11/17,高雄市 市立福誠高中,高雄市鳳山區
4096293,[素養導向]「112年國中教育會考成績資料分析與題型探討-國語文領域」第二場11/17,非學分班,2023/11/17,2023/11/17,雲林縣 縣立麥寮高中,雲林縣麥　寮
4097787,微控制器數位跑馬燈,非學分班,2023/11/17,2023/11/17,新竹縣 私立義民高中,新竹縣竹　北
4108961,[領綱素養]品味生活手沖咖啡研習,非學分班,2023/11/17,2023/11/17,嘉義縣 縣立永慶高中,嘉義縣太　保
4109543,數位軟體應用工作坊,非學分班,2023/11/17,2023/11/17,臺中市 市立臺中一中,臺中市北　區
課程代碼,研習名稱,性質,課程開始日期,課程結束日期,辦理研習單位,開課地點
4111978,[精進數位]A2 數位學習工作坊(二) 數位學習平臺應用(平臺操作及教學模式運用),非學分班,2023/11/17,2023/11/17,宜蘭縣 私立中道高中,宜蘭縣壯　圍
4112024,超實用! Microsoft Office的基礎教學與應用,非學分班,2023/11/17,2023/11/17,嘉義市 國立嘉義高中,嘉義市嘉義市
4112564,112-1(國中部)科技領域教師增能研習,非學分班,2023/11/17,2024/01/05,臺中市 市立東山高中,臺中市北屯區
4114899,112學年度種子教師暨縣市代表初階培訓工作坊(三)112.11.17.,非學分班,2023/11/17,2023/11/17,宜蘭縣 國立羅東高中,臺南市東　區
4116998,高雄市112學年度健康促進議題網路問卷填報說明研習（11月17日）,非學分班,2023/11/17,2023/11/17,高雄市 市立前鎮高中,高雄市前鎮區
4117347,[資通安全]112年度教職員工資通安全教育訓練,非學分班,2023/11/17,2023/11/17,嘉義縣 國立新港藝術高中,嘉義縣新　港
4119171,閩南語教學備課實務研習,非學分班,2023/11/17,2023/11/17,臺中市 市立惠文高中,臺中市南屯區
4120375,桃園市立觀音高中校內資訊研習(九),非學分班,2023/11/17,2023/11/17,桃園市 市立觀音高中,桃園市觀　音
4122163,資訊科電子學實習課程單元教學研討,非學分班 (校本研習),2023/11/17,2023/11/17,桃園市 桃園市育達高中,桃園市平　鎮
4122167,家政群教材研發研習,非學分班 (校本研習),2023/11/17,2023/11/17,桃園市 桃園市育達高中,桃園市平　鎮
4122258,臺北市112年度公私立高級中等學校生命教育中心學校專業成長組-莊子.內七篇(第四場),非學分班,2023/11/17,2023/11/17,臺北市 臺北市立復興高級中學,臺北市北投區
4122362,資訊安全與數理邏輯跨領域實作工作坊(五),非學分班,2023/11/17,2023/11/17,臺南市 國立臺南一中,臺南市東　區
4124061,112學年度高職優質化-創新多元教學-「資訊科技融入教學」研習,非學分班 (校本研習),2023/11/17,2023/11/17,嘉義市 私立興華高中,嘉義市嘉義市
4124161,SDGs永續微行動工作坊,非學分班,2023/11/17,2023/11/17,高雄市 國立岡山高中,高雄市岡山區
4124359,素養導向的課程設計,非學分班,2023/11/17,2023/11/17,臺中市 市立豐原高中,臺中市豐原區
4125502,112年精進語文能力培訓研習計畫--閩南語字音字形,非學分班,2023/11/17,2023/11/17,嘉義縣 縣立永慶高中,嘉義縣太　保
4127288,[精進數位]A1數位學習工作坊(一),非學分班,2023/11/17,2023/11/17,臺南市 私立瀛海高中,臺南市安南區
4128570,教育部112年推動中小學數位學習精進方案─國民中小學實施計畫 公開授課,非學分班,2023/11/17,2023/11/17,高雄市 市立福誠高中,高雄市鳳山區
4026514,週六通識講座-觀察系外行星 超級閃焰的立方衛星望遠鏡,非學分班,2023/11/18,2023/11/18,臺中市 市立臺中一中,臺中市北　區
4042975,[素養導向]112學年度AI運用於社會領域跨科探究與實作教師增能工作坊-ChatGPT融入社會領域探究與實作工作坊(初階),非學分班,2023/11/18,2023/11/18,臺南市 國立臺南一中,臺南市東　區
課程代碼,研習名稱,性質,課程開始日期,課程結束日期,辦理研習單位,開課地點
4047868,專業工作坊 「自知之明諮商模式」,非學分班,2023/11/18,2023/11/19,桃園市 市立壽山高中,彰化縣彰　化
4049174,SPATIAL結合國小藝術領域與SDGS7課程使用技術分享,非學分班,2023/11/18,2023/11/18,臺北市 臺北市數位實驗高級中等學校,臺北市中正區
4049181,[素養導向]「GENIALLY教學策略工具使用以及融入課程設計」工作坊,非學分班,2023/11/18,2023/12/09,臺南市 國立臺南女中,臺南市中西區
4049346,[領綱素養]112年度促進家長參與學校推動12年國民基本教育計畫III,非學分班,2023/11/18,2023/11/18,基隆市 市立八斗高中,基隆市中正區
4050544,從經典名著看世界-教學與課程設計工作坊(二),非學分班,2023/11/18,2023/11/19,彰化縣 縣立彰化藝術高中,彰化縣彰　化
4073611,實境遊戲設計：劇本殺創作工作坊(初階),非學分班,2023/11/18,2023/11/18,高雄市 市立瑞祥高中,高雄市前鎮區
4087386,112台中市高級中等學校「商業廣告職種金手指導教師」教師研習,非學分班,2023/11/18,2023/11/18,臺中市 市立大甲高中,臺中市大甲區
4109461,新興科技教育遠距示範服務計畫藝術×STEAM自造工作坊教師研習系列活動,非學分班,2023/11/18,2023/11/18,臺北市 臺北巿立第一女子高級中學,臺北市中正區
4112041,新興高中112學年度第1學期高職優質化「A3深化教師教學專業」計畫 創意新生-會展創意研習,非學分班,2023/11/18,2023/11/18,桃園市 桃園市新興高中,臺北市南港區
4112767,教師跨領域增能研習-Arduino 機器人初階研習,非學分班,2023/11/18,2023/11/18,臺中市 私立致用高中,臺中市大甲區
4115042,創意唯美燈光畫教師增能工作坊(第三場),非學分班,2023/11/18,2023/11/18,高雄市 市立福誠高中,高雄市鳳山區
4115044,創意唯美燈光畫教師增能工作坊(第四場),非學分班,2023/11/18,2023/11/18,高雄市 市立福誠高中,高雄市鳳山區
4115060,「112學年度高級中等學校女校(生)科學教育巡訪計畫」,非學分班,2023/11/18,2023/11/18,高雄市 市立高雄女中,高雄市前金區
4116059,遞迴排序與二分搜，使用C++,非學分班,2023/11/18,2023/11/18,高雄市 市立高雄中學,高雄市三民區
4118244,數位素養-網路停看聽,非學分班,2023/11/18,2023/11/18,臺中市 私立立人高中,臺中市大里區
4120195,[初階回饋]電動車馬達驅動控制研習,非學分班,2023/11/18,2023/11/18,臺中市 私立致用高中,臺中市大甲區
4120348,[精進數位]A1數位學習工作坊(一),非學分班,2023/11/18,2023/11/18,桃園市 市立觀音高中,桃園市觀　音
4120357,[精進數位]A2數位學習工作坊(二)-因材網,非學分班,2023/11/18,2023/11/18,桃園市 市立觀音高中,桃園市觀　音
4126857,[精進數位]數位讀報教育與提問策略,非學分班,2023/11/18,2023/11/18,苗栗縣 縣立大同高中,苗栗縣竹　南
4127285,[精進數位]A2數位學習工作坊(二)-因材網,非學分班,2023/11/18,2023/11/18,臺南市 私立瀛海高中,臺南市安南區
課程代碼,研習名稱,性質,課程開始日期,課程結束日期,辦理研習單位,開課地點
4047888,3D建模列印與實作教師增能工作坊,非學分班,2023/11/19,2023/11/19,宜蘭縣 國立羅東高中,宜蘭縣羅　東
4031155,永續水資源-海洋天然物的研發與應用,非學分班,2023/11/20,2023/11/20,金門縣 國立金門高中,金門縣金　城
4043619,[精進數位]B4各領域/科目數位教學工作坊-國際及跨校交流使用追蹤攝影機之操作分享,非學分班,2023/11/20,2023/11/20,新竹市 國立新竹女中,新竹市新竹市
4046120,112年度高級中等學校新興科技教學遠距示範服務計畫之FabLab促進學校B組-數位植栽工作坊Part3,非學分班,2023/11/20,2023/11/20,新北市 國立華僑高級中等學校,新北市板橋區
4047282,跨領域選修課程分享：島嶼思辨策展,非學分班 (校本研習),2023/11/20,2023/11/20,彰化縣 縣立和美高中,彰化縣和　美
4096089,112-1-子計畫C-3校際交流計畫-群策群力跨校共備增能研習-故事骰子工作坊,非學分班,2023/11/20,2023/11/20,新竹市 市立建功高中,新竹市新竹市
4096297,[素養導向]「112年國中教育會考成績資料分析與題型探討-國語文領域」第三場11/20,非學分班,2023/11/20,2023/11/20,雲林縣 縣立麥寮高中,雲林縣麥　寮
4097658,[素養導向]一人一故事劇場聆聽及演繹技巧,非學分班,2023/11/20,2023/11/20,新北市 市立板橋高中,新北市板橋區
4109661,自然科專業社群分享｜一日氣象播報員,非學分班,2023/11/20,2023/11/20,彰化縣 國立員林高中,彰化縣永　靖
4111983,[精進數位]A1數位學習工作坊(一)-南區校長研習,非學分班,2023/11/20,2023/11/20,臺南市 國立臺南二中,臺南市歸仁區
4113746,數位前導計畫「語料庫應用及數位教學技巧」教師專業知能研習,非學分班,2023/11/20,2023/11/20,新北市 私立徐匯高中,新北市蘆洲區
4114980,中山大學附中112-1優質化國光e起來社群──資訊素養增能研習： Canva在教材製作與互動簡報的應用,非學分班,2023/11/20,2023/11/20,高雄市 國立中山大學附屬國光高中,高雄市楠梓區
4116674,人文踏查融入校訂必修—新竹中學校定必修課程分享,非學分班,2023/11/20,2023/11/20,新竹縣 國立竹北高中,新竹縣竹　北
4117169,[素養導向]112-1時尚造型科辦理校內教師專業成長研習-冷瓷花設計,非學分班 (校本研習),2023/11/20,2023/11/20,新竹市 私立光復高中,新竹市新竹市
4118464,112學年高中高優B-1-1子計畫-通霄虎頭山文學地景踏查,非學分班,2023/11/20,2023/11/20,苗栗縣 國立苑裡高中,苗栗縣苑　裡
4118516,[性平教育]數位性別暴力防治與兒少權益-國高中場,非學分班 (校本研習),2023/11/20,2023/11/20,基隆市 私立二信高中,基隆市中正區
4118530,[領綱素養]選修國文這樣玩,非學分班,2023/11/20,2023/11/20,嘉義縣 縣立永慶高中,嘉義縣太　保
4122126,酷英網結合3C引導學生自主學習分享,非學分班 (校本研習),2023/11/20,2023/11/20,桃園市 桃園市振聲高中,桃園市桃　園
4122185,餐旅群科 教師專業社群講座,非學分班 (校本研習),2023/11/20,2023/11/20,桃園市 桃園市育達高中,桃園市平　鎮
4122228,苔球製作體驗藝術工作坊,非學分班 (校本研習),2023/11/20,2023/11/20,新竹縣 國立竹北高中,新竹縣竹　北
課程代碼,研習名稱,性質,課程開始日期,課程結束日期,辦理研習單位,開課地點
4124272,[雙語教育]112學年度-「如何描述一幅畫？How do you describe a picture?」公開觀議課,非學分班,2023/11/20,2023/11/20,臺中市 市立文華高中,臺中市西屯區
4125477,112-1-國文領域辦理子計畫B-「課綱課程發展計畫」增能研習-故事不是故事,非學分班,2023/11/20,2023/11/20,新竹市 市立建功高中,新竹市新竹市
4126530,學測國文「混」三招：混合題命題、答題與解題,非學分班,2023/11/20,2023/11/20,臺南市 國立新豐高中,臺南市歸仁區
4127347,112學年度高職優質化「 技藝叢林群霸-中式廚藝研習」,非學分班 (校本研習),2023/11/20,2023/11/20,嘉義市 私立興華高中,嘉義市嘉義市
4128482,武陵高中本土語增能研習場次三--閩南語四句聯與創作,非學分班,2023/11/20,2023/11/20,桃園市 市立武陵高中,桃園市桃　園
4128640,[精進數位]A1數位學習工作坊(一),非學分班,2023/11/20,2023/11/20,花蓮縣 花蓮縣立體育高中,花蓮縣花　蓮
4129919,[精進數位]【精進數位】A2數位學習工作坊,非學分班,2023/11/20,2023/11/20,臺北市 臺北市私立華興高級中等學校,臺北市士林區
4130262,自然科學習診斷與教學轉化增能,非學分班,2023/11/20,2023/11/20,彰化縣 縣立彰化藝術高中,彰化縣彰　化
4011134,[領綱素養]多模態於雙語教學之應用實例分享,非學分班,2023/11/21,2023/11/21,高雄市 市立三民高中,高雄市三民區
4026884,112-1-英文領域辦理子計畫B-課綱課程發展計畫增能研習-高三下無課本  播客（podcast)入門分享,非學分班,2023/11/21,2023/11/21,新竹市 市立建功高中,新竹市新竹市
4029156,[精進數位]A2數位學習工作坊(二),非學分班,2023/11/21,2023/11/21,臺中市 市立臺中二中,臺中市北　區
4029185,[素養導向]素養導向英文課室活動分享,非學分班,2023/11/21,2023/11/21,新竹縣 縣立湖口高中,新竹縣湖　口
4030219,高中均質化數位融入SDGs教師增能研習系列工作坊(一)－跨校跨領域SDGs教學設計,非學分班,2023/11/21,2023/11/21,新竹市 私立曙光女中,新竹市新竹市
4045375,學測英文作文組織架構教學及如何善用AI批改幫助學習,非學分班,2023/11/21,2023/11/21,臺中市 市立西苑高中,臺中市西屯區
4047283,[素養導向]科技領域素養導向暨多元課程教材-古科技應用結合文創手作課程,非學分班,2023/11/21,2023/11/21,臺南市 市立大灣高中,臺南市永康區
4047315,「科技」應用於高中英文教學,非學分班,2023/11/21,2023/11/21,彰化縣 縣立和美高中,彰化縣和　美
4047771,專業演講 「諮商心理師的解慮雜貨鋪」,非學分班,2023/11/21,2023/11/21,桃園市 市立壽山高中,桃園市龜　山
4050414,112年度高級中等學校學生學習扶助方案補助要點暨管理系統說明會計畫(北區場),非學分班,2023/11/21,2023/11/21,彰化縣 國立彰化女中,新北市板橋區
4061675,【國中生科】酒吧氣氛燈(科技教師),非學分班,2023/11/21,2023/11/21,新北市 市立錦和高中,新北市中和區
4062209,[雙語教育]高中物理雙語授課實務分享,非學分班,2023/11/21,2023/11/21,新竹縣 縣立六家高級中學,新竹縣竹　北
課程代碼,研習名稱,性質,課程開始日期,課程結束日期,辦理研習單位,開課地點
4062313,[領綱素養]新北市112學年度推動十二年國民基本教育課程綱要新興科技增能工作坊:新興科技融入教學-MAKAR平台課程產出與發表,非學分班 (種子研習),2023/11/21,2023/11/21,新北市 市立錦和高中,新北市中和區
4062572,Miro遠距線上協作白板-基礎入門,非學分班,2023/11/21,2023/11/21,臺北市 臺北市數位實驗高級中等學校,臺北市中正區
4075981,"Global Sight, Local Light",非學分班 (校本研習),2023/11/21,2023/11/21,高雄市 國立鳳新高中,高雄市鳳山區
4092964,Ai讓我們更素養,非學分班 (校本研習),2023/11/21,2023/11/21,南投縣 縣立旭光高中,南投縣草　屯
4092995,全班開口說--三分鐘全英文簡報,非學分班,2023/11/21,2023/11/21,高雄市 市立中正高中,高雄市苓雅區
4093138,[素養導向]Geogebra數學繪圖,非學分班,2023/11/21,2023/11/21,嘉義市 私立輔仁高中,嘉義市嘉義市
4096141,112學年度第1學期運動課程：基礎墊上運動之2,非學分班 (校本研習),2023/11/21,2023/11/21,高雄市 市立六龜高中,高雄市六龜區
4096183,問題探索融入教學,非學分班 (校本研習),2023/11/21,2023/11/21,臺中市 私立華盛頓高中,臺中市太平區
4108887,生成式人工智慧的詠唱調part2,非學分班,2023/11/21,2023/11/21,臺南市 財團法人慈濟高中,臺南市安平區
4113708,人權議題工作分享會（二）弘道老人福利基金會-老人人權關懷,非學分班,2023/11/21,2023/11/21,臺中市 市立臺中一中,臺中市北　區
4115989,[環境教育]SDGs奧斯陸氣候預算 -節能減碳,非學分班 (校本研習),2023/11/21,2023/11/21,桃園市 桃園市振聲高中,桃園市桃　園
4118444,112學年優質化高中輔助方案「B-2跨科社群-社會科探究實作課程」計畫-錫蘭之後，AI之前：科技浪潮下的媒體素養,非學分班,2023/11/21,2023/11/21,苗栗縣 國立苑裡高中,苗栗縣苑　裡
4118485,高中自主學習計畫交流研習,非學分班,2023/11/21,2023/11/21,臺南市 私立明達高中,臺南市鹽水區
4118512,[性平教育]數位性別暴力防治與兒少權益-國小場,非學分班 (校本研習),2023/11/21,2023/11/21,基隆市 私立二信高中,基隆市中正區
4118570,SEL社會情緒學習工作坊,非學分班,2023/11/21,2023/11/21,桃園市 市立桃園高中,桃園市桃　園
4119335,112學年度高中均質化方案112-4-4.4 特色教學計畫-原住民特色料理教學第三場,非學分班,2023/11/21,2023/11/21,新竹縣 私立東泰高中,新竹縣竹　東
4120355,雙語新課綱,非學分班,2023/11/21,2023/11/21,新竹市 國立新竹女中,新竹市新竹市
4120524,[環境教育]氣候變遷與調適 ［第一場］TCCIP氣候變遷整合服務平台之應用,非學分班,2023/11/21,2023/11/21,新北市 市立新店高中,新北市新店區
4122267,臺北市112年度公私立高級中等學校生命教育中心學校專業成長組-莊子.內七篇(第五場),非學分班,2023/11/21,2023/11/21,臺北市 臺北市立復興高級中學,臺北市北投區
4124042,慈濟大學附屬高級中學112學年度教師專業發展-兒童權利公約實務案例研討,非學分班,2023/11/21,2023/11/24,花蓮縣 財團法人慈濟大學附中,花蓮縣花　蓮
課程代碼,研習名稱,性質,課程開始日期,課程結束日期,辦理研習單位,開課地點
4125150,走讀苑裡--藺草產業與苑裡農村意象,非學分班,2023/11/21,2023/11/21,苗栗縣 國立苗栗高中,苗栗縣苑　裡
4125485,112-1-數學領域辦理子計畫B-「教師增能計畫」增能研習-啟發學生的工作數學力,非學分班,2023/11/21,2023/11/21,新竹市 市立建功高中,新竹市新竹市
4126506,iPad App 操作與應用 -  iMove,非學分班,2023/11/21,2023/11/21,臺中市 市立惠文高中,臺中市南屯區
4126767,Google 認證教育家教師共備社群研習活動(三),非學分班,2023/11/21,2023/11/21,臺南市 國立臺南一中,臺南市東　區
4012393,[素養導向]翻閱臺北城—機動玩歷史,非學分班,2023/11/22,2023/11/22,臺北市 臺北市立南湖高級中學,臺北市內湖區
4014984,[素養導向]以線性代數為基礎的科技應用,非學分班,2023/11/22,2023/11/22,臺北市 臺北市立建國高級中學,臺北市中山區
4027957,六家科技中心【國小科議】創意造型水管燈設計製作教師增能研習,非學分班,2023/11/22,2023/11/22,新竹縣 縣立六家高級中學,新竹縣竹　北
4028104,[精進數位]A2數位學習工作坊(二)-因材網,非學分班,2023/11/22,2023/11/22,桃園市 市立新屋高級中等學校,桃園市新　屋
4043589,[精進數位]A2數位學習工作坊(二),非學分班,2023/11/22,2023/11/22,新竹縣 國立關西高中,新竹縣關　西
4043672,[素養導向]基隆區素養導向暨教育遊戲化教學工作坊(四)~~鷹架導向遊戲式學習的設計與評估,非學分班,2023/11/22,2023/11/22,基隆市 市立八斗高中,基隆市信義區
4045160,教育部國民及學前教育署補助高級中等學校 部分領域課程雙語教學計畫「雙語教學共備社群」-口語課,非學分班,2023/11/22,2023/11/22,高雄市 市立仁武高中,高雄市仁武區
4073144,[素養導向]112-10「深耕在地˙永續共好計畫」食農教育特色課程研習(第四場次),非學分班,2023/11/22,2023/11/22,高雄市 財團法人普門中學,高雄市大樹區
4073377,「跨越學科邊界：社會科合科探究的嘗試」,非學分班,2023/11/22,2023/11/22,彰化縣 縣立彰化藝術高中,彰化縣彰　化
4073816,[素養導向]南投縣旭光自造教育及科技中心【國中生科】【複合媒材創作-環氧樹脂藝術北歐風托盤桌研習,非學分班,2023/11/22,2023/11/22,南投縣 縣立旭光高中,南投縣草　屯
4073955,聖誕羊毛氈畫,非學分班 (校本研習),2023/11/22,2023/11/22,桃園市 桃園市振聲高中,桃園市桃　園
4077132,[領綱宣導]112-1高中數學公開觀課研習,非學分班,2023/11/22,2023/12/06,高雄市 市立新興高中,高雄市新興區
4089822,「圖書館閱讀推動教師計畫」教師共讀讀書會研習(第二場次),非學分班,2023/11/22,2023/11/22,屏東縣 縣立大同高中,屏東縣屏　東
4089978,教師輔導知能研習---提問力實踐指南講座,非學分班 (校本研習),2023/11/22,2023/11/22,臺南市 國立家齊高中,臺南市中西區
4092746,命理中的數學,非學分班,2023/11/22,2023/11/22,桃園市 市立大溪高中,桃園市大　溪
4095994,自然科會考學習診斷與教學轉化,非學分班,2023/11/22,2023/11/22,彰化縣 縣立和美高中,彰化縣和　美
課程代碼,研習名稱,性質,課程開始日期,課程結束日期,辦理研習單位,開課地點
4096470,[素養導向]議題實境遊戲在課程中的運用 -3.line@製作教學與實作,非學分班,2023/11/22,2023/11/22,新北市 市立板橋高中,新北市板橋區
4096475,[素養導向]賽局理論的實踐與應用,非學分班,2023/11/22,2023/11/22,新北市 市立板橋高中,新北市板橋區
4097396,[領綱素養]臺北市公民與社會科學科平台_向下扎根財經素養教育推廣與學習歷程檔案實務分享,非學分班,2023/11/22,2023/11/22,臺北市 臺北市立內湖高級中學,臺北市大安區
4097779,ChatGPT教學應用,非學分班,2023/11/22,2023/11/22,彰化縣 縣立和美高中,彰化縣和　美
4097819,[素養導向]翻轉人生？原來教育的盡頭是看見生命,非學分班,2023/11/22,2023/11/22,雲林縣 國立北港高中,雲林縣北　港
4109576,本土語文教育增能研習(一),非學分班,2023/11/22,2023/11/22,臺中市 市立臺中一中,臺中市北　區
4109641,英文科專業社群分享｜實用英文，透過多元平台教英文,非學分班,2023/11/22,2023/11/22,彰化縣 國立員林高中,彰化縣永　靖
4109728,[環境教育]國立屏北高級中學112學年度第一學期環境教育知能研習,非學分班,2023/11/22,2023/11/22,屏東縣 國立屏北高中,屏東縣鹽　埔
4111976,[性平教育]隔著螢幕的惡-數位性別暴力防治講座,非學分班,2023/11/22,2023/11/22,南投縣 國立中興高中,南投縣南　投
4112489,【教育部學生輔諮中心基隆高中112-1研習4-3】情緒取向治療（EFT）應用於青少年之輔導實務I,非學分班,2023/11/22,2023/11/22,基隆市 國立基隆高中,基隆市暖暖區
4113346,那些句點之後的故事。,非學分班,2023/11/22,2023/11/22,臺南市 國立後壁高中,臺南市後壁區
4115891,[素養導向]「礙」的就「素」你？淺談素養命題之命製,非學分班 (校本研習),2023/11/22,2023/11/22,桃園市 桃園市振聲高中,桃園市桃　園
4118481,大學端如何看自主學習計畫研習,非學分班,2023/11/22,2023/11/22,臺南市 私立明達高中,臺南市鹽水區
4119321,112學年度高中均質化112-4-1.4 特色教學計畫-居家水電檢測與保養第三場,非學分班,2023/11/22,2023/11/22,新竹縣 私立東泰高中,新竹縣竹　東
4120139,永慶科技中心【國中資科】科技教育創意實作競賽-科技任務組教師增能研習,非學分班,2023/11/22,2023/11/22,嘉義縣 縣立永慶高中,嘉義縣太　保
4120181,學習歷程檔案綜合討論,非學分班,2023/11/22,2023/11/22,彰化縣 國立溪湖高中,彰化縣溪　湖
4120250,112學年度高中優質化-跨校遠距教學分享 ,非學分班,2023/11/22,2023/11/22,彰化縣 國立溪湖高中,彰化縣溪　湖
4120423,[精進數位]A1數位學習工作坊(一),非學分班,2023/11/22,2023/11/22,屏東縣 國立屏北高中,屏東縣鹽　埔
4122090,112-1 國文科第三次PLC-書法與國文,非學分班 (校本研習),2023/11/22,2023/11/22,臺中市 私立衛道高中,臺中市北屯區
4122194,健康與護理科學生學習績效研討會,非學分班 (校本研習),2023/11/22,2023/11/22,桃園市 桃園市育達高中,桃園市平　鎮
課程代碼,研習名稱,性質,課程開始日期,課程結束日期,辦理研習單位,開課地點
4122329,新式體適能仰臥捲腹測驗,非學分班,2023/11/22,2023/11/22,臺中市 市立惠文高中,臺中市南屯區
4124392,雙語教師專業社群成長多益研習(五),非學分班,2023/11/22,2023/11/22,臺中市 私立新民高中,臺中市北　區
4125476,112-1英文科-經驗分享,非學分班 (校本研習),2023/11/22,2023/11/22,臺中市 私立曉明女中,臺中市北　區
4126686,[雙語教育]112學年度第一學期雙語教學共備增能工作坊(十),非學分班,2023/11/22,2023/11/22,宜蘭縣 國立宜蘭高中,宜蘭縣宜　蘭
4126758,[環境教育]綠色飲食顧健康,非學分班,2023/11/22,2023/11/22,南投縣 國立竹山高中,南投縣竹　山
4127250,[精進數位]A2數位學習工作坊(二)-Google於教育上的應用,非學分班,2023/11/22,2023/11/22,臺南市 國立家齊高中,臺南市中西區
3973286,兒童權利公約暨教師CRC知能增能研習,非學分班,2023/11/23,2023/11/23,臺中市 市立后綜高中,臺中市后里區
4012234,112年度下半年國中輔導教師團體督導4,非學分班,2023/11/23,2023/11/23,高雄市 市立六龜高中,高雄市六龜區
4014774,[性平教育]112學年度教職員工性別平等教育研習:在媒體中看見性別--我們如何突破框架，重獲自由,非學分班,2023/11/23,2023/11/23,臺南市 國立新豐高中,臺南市歸仁區
4019988,[素養導向]〔山野教育〕繩之道—繩結及戶外天幕搭設實作,非學分班,2023/11/23,2023/11/23,南投縣 縣立旭光高中,南投縣草　屯
4024581,112-1自然科學探究與實作教材教法及命題系列工作坊三_中彰投場,非學分班,2023/11/23,2023/11/23,臺北市 國立師大附中,彰化縣田　中
4029178,[素養導向]【壓克力流動畫】多元藝術創作工作坊,非學分班,2023/11/23,2023/12/19,新竹縣 縣立湖口高中,新竹縣湖　口
4042595,112-1 【Google for Education數位資訊增能】工作坊B6(混成研習),非學分班,2023/11/23,2023/11/23,高雄市 市立路竹高中,高雄市路竹區
4043764,[資訊非專]1-4共備課程 資料處理應用專題、 資訊科技與人類社會 (B1) 、系統平台(B1),非學分班,2023/11/23,2023/11/23,嘉義縣 縣立竹崎高中,嘉義縣竹　崎
4047052,What’s ID Design,非學分班,2023/11/23,2023/11/23,桃園市 市立壽山高中,桃園市龜　山
4049145,自主學習成果設計,非學分班 (校本研習),2023/11/23,2023/11/23,彰化縣 縣立和美高中,彰化縣和　美
4061308,中山大學附中112-1優質化專題in joy社群──實驗數據分析方法,非學分班,2023/11/23,2023/11/23,高雄市 國立中山大學附屬國光高中,高雄市楠梓區
4073837,優遊臺中學文本研習(高職場),非學分班,2023/11/23,2023/11/23,臺中市 市立臺中二中,臺中市西　區
4089961,中正科技中心【性別科技創新】美甲光固化樹脂之運用與護理,非學分班,2023/11/23,2023/11/23,高雄市 市立中正高中,高雄市苓雅區
4090000,112年度英文科社群共備(七),非學分班,2023/11/23,2023/11/23,宜蘭縣 國立宜蘭高中,宜蘭縣宜　蘭
課程代碼,研習名稱,性質,課程開始日期,課程結束日期,辦理研習單位,開課地點
4094428,SDGs議題-省思與對話Ⅱ,非學分班,2023/11/23,2023/11/23,臺中市 市立后綜高中,臺中市神岡區
4095986,卡片盒筆記術,非學分班,2023/11/23,2023/11/23,彰化縣 縣立和美高中,彰化縣和　美
4096028,國際教育入境接待經驗分享,非學分班,2023/11/23,2023/11/23,苗栗縣 私立君毅高中,苗栗縣竹　南
4096473,[素養導向]私房旅行景點語文學,非學分班,2023/11/23,2023/11/23,新北市 市立板橋高中,新北市板橋區
4108902,112學年度第1學期運動及營養相關課程：基礎柔道動作教學,非學分班 (校本研習),2023/11/23,2023/11/23,高雄市 市立六龜高中,高雄市六龜區
4109652,數學科專業社群分享｜數學桌遊烏邦果應用,非學分班,2023/11/23,2023/11/23,彰化縣 國立員林高中,彰化縣溪　湖
4110620,從大考試題看國綜、國寫命題特色,非學分班 (校本研習),2023/11/23,2023/11/23,嘉義市 國立嘉義女中,嘉義市嘉義市
4110713,正念教育3,非學分班,2023/11/23,2023/11/23,彰化縣 縣立彰化藝術高中,彰化縣彰　化
4111876,高雄市112學年度「生涯工作坊-生涯規劃教育議題融入自然領域示範與演練」,非學分班,2023/11/23,2023/11/23,高雄市 市立中正高中,高雄市苓雅區
4112517,基隆市112年度生命教育校園成果觀摩會,非學分班,2023/11/23,2023/11/23,基隆市 市立中山高中,基隆市中山區
4113290,[精進數位]A2數位學習工作坊(二),非學分班,2023/11/23,2023/11/23,基隆市 市立暖暖高中,基隆市暖暖區
4113449,桃園市立陽明高級中等學校112學年度數位前導學校戶外教育石門山走讀增能工作坊,非學分班,2023/11/23,2023/11/23,桃園市 市立陽明高中,桃園市桃　園
4115686,[精進數位]B1科技輔助自主學習工作坊-北區第一場,非學分班,2023/11/23,2023/11/24,新竹市 國立竹科實驗高級中等學校,新竹市新竹市
4118233,問問秘境於教學與諮商的運用,非學分班,2023/11/23,2023/11/23,新竹縣 縣立六家高級中學,新竹縣竹　北
4118438,嘉義縣112年度「友善校園」學生事務與輔導工作-適性輔導─推動家長企業社區團體參與適性輔導研習,非學分班,2023/11/23,2023/11/24,嘉義縣 縣立竹崎高中,嘉義縣竹　崎
4119239,認識chatgpt 的第一堂課：AI的發展,非學分班,2023/11/23,2023/11/23,臺南市 國立北門高中,臺南市佳里區
4119278,社會科社群[五塊厝地區文史踏查],非學分班,2023/11/23,2023/11/23,高雄市 市立中正高中,高雄市苓雅區
4119338,112學年度高中均質化方案112-4-4.4 特色教學計畫-原住民特色料理教學第四場,非學分班,2023/11/23,2023/11/23,新竹縣 私立東泰高中,新竹縣竹　東
4120353,[雙語教育]旭光雙語/北非/摩洛哥文化饗宴,非學分班,2023/11/23,2023/11/23,南投縣 縣立旭光高中,南投縣草　屯
4122271,永慶科技中心【國中資科】跟AI聊聊天-ChatGPT的應用與開發,非學分班,2023/11/23,2023/11/23,嘉義縣 縣立永慶高中,嘉義縣太　保
課程代碼,研習名稱,性質,課程開始日期,課程結束日期,辦理研習單位,開課地點
4123705,生命教育研習:選擇,非學分班,2023/11/23,2023/11/23,臺中市 市立臺中二中,臺中市北　區
4125121,[媒體素養]校園wifi在教學上實務應用,非學分班,2023/11/23,2023/11/23,高雄市 市立新興高中,高雄市新興區
4125411,臺中市112學年度人工智慧融入國中藝術領域教學種子教師工作坊(二),非學分班,2023/11/23,2023/11/23,臺中市 市立清水高中,臺中市西屯區
4127453,[精進數位]LoiLoNote數位教學軟體的功能介紹、操作及互動教學應用,非學分班,2023/11/23,2023/11/23,高雄市 市立林園高中,高雄市林園區
3935135,思辨，是我們的義務,非學分班,2023/11/24,2023/11/24,南投縣 國立暨大附中,南投縣埔　里
4002558,西苑科技中心教師增能研習-3D光固化技術與應用,非學分班,2023/11/24,2023/11/24,臺中市 市立西苑高中,臺中市西屯區
4016380,CNC雕刻：印章製作,非學分班,2023/11/24,2023/11/24,雲林縣 國立北港高中,雲林縣北　港
4016432,Notion雲端筆記學習系列3-科技午餐會,非學分班,2023/11/24,2023/11/24,高雄市 國立旗美高中,高雄市旗山區
4019910,112學年度第1學期「宜蘭學校定必修教師社群研習」(七),非學分班,2023/11/24,2023/11/24,宜蘭縣 國立宜蘭高中,宜蘭縣宜　蘭
4020095,友善校園-友善校園無界限,非學分班,2023/11/24,2023/11/24,雲林縣 私立巨人高中,雲林縣北　港
4024719,臺中市學生輔導諮商中心112年度下半年「高級中等學校輔導教師增能研習暨團體督導(表達性藝術治療組)」,非學分班,2023/11/24,2023/12/01,臺中市 市立東山高中,臺中市北屯區
4062575,Miro遠距線上協作白板-進階課程,非學分班,2023/11/24,2023/11/24,臺北市 臺北市數位實驗高級中等學校,臺北市中正區
4089924,從航空城現場談在桃園，我們想要的「家」是什麼樣子,非學分班,2023/11/24,2023/11/24,桃園市 私立六和高中,桃園市平　鎮
4092015,ChatGPT教學萬用大補帖-2,非學分班,2023/11/24,2023/11/24,高雄市 國立中山大學附屬國光高中,高雄市楠梓區
4092099,112學年高中優質化閱讀與生活專題講座,非學分班,2023/11/24,2023/11/24,屏東縣 縣立大同高中,屏東縣屏　東
4093079,中山大學附中112-1高中優質化健體領域教師社群──體適能體態管理與參訪,非學分班,2023/11/24,2023/11/24,高雄市 國立中山大學附屬國光高中,高雄市楠梓區
4095515,[家庭教育]給孩子一支人生的釣竿,非學分班,2023/11/24,2023/11/24,桃園市 市立新屋高級中等學校,桃園市新　屋
4096131,[國際教育]「打造立方人才 — STEM x SDGs x SEL」 國際論壇,非學分班,2023/11/24,2023/12/01,臺北市 臺北市立建國高級中學,臺北市中正區
4096137,112學年度第1學期運動課程：有氧運動系列之4,非學分班 (校本研習),2023/11/24,2023/11/24,高雄市 市立六龜高中,高雄市六龜區
4097589,112學年度中一區均質化「現代神農氏的醫草艾藥滋味暨多元閱讀教師專業社群講座」,非學分班,2023/11/24,2023/11/24,臺中市 市立清水高中,臺中市清水區
課程代碼,研習名稱,性質,課程開始日期,課程結束日期,辦理研習單位,開課地點
4097806,啟動秀髮生命力實作,非學分班,2023/11/24,2023/11/24,南投縣 私立五育高中,南投縣南　投
4109494,[家庭教育]家庭教育研習- 陪你戀愛也練愛-談青少年的性與愛,非學分班,2023/11/24,2023/11/24,新竹市 國立新竹高中,新竹市新竹市
4109500,數位素養-『Hi-teach』基礎介紹與功能操作講座,非學分班,2023/11/24,2023/11/24,嘉義縣 國立新港藝術高中,嘉義縣新　港
4110388,[領綱素養]A3數位素養-資訊網路平台素養與資訊安全,非學分班,2023/11/24,2023/11/24,桃園市 市立楊梅高中,桃園市楊　梅
4111911,［數位精進］B4各領域/科目數位教學工作坊—國文領域,非學分班,2023/11/24,2023/11/24,彰化縣 縣立二林高中,彰化縣二　林
4111923,自主學習軟體應用工作坊：procreate動畫實作,非學分班,2023/11/24,2023/11/24,高雄市 國立中山大學附屬國光高中,高雄市楠梓區
4112557,[素養導向]〔課程諮詢教師增能工作坊〕用心智圖協助高中生自我盤點與自述撰寫,非學分班,2023/11/24,2023/11/24,南投縣 縣立旭光高中,南投縣草　屯
4112759,資訊技術實習、機器人實習特色教學,非學分班,2023/11/24,2023/12/01,臺中市 私立致用高中,臺中市大甲區
4115745,[教學輔導]DBT辯證行為治療與學校處遇,非學分班,2023/11/24,2023/11/24,新竹市 市立香山高中,新竹市新竹市
4116000,[領綱素養]協作平台與表單製作,非學分班 (校本研習),2023/11/24,2023/11/24,桃園市 桃園市振聲高中,桃園市桃　園
4117085,北區專業輔導人員專業督導研習--心理動力,非學分班,2023/11/24,2023/11/24,新竹市 國立新竹女中,新竹市新竹市
4117273,[領綱宣導]『如何將AI引入自主學習』--教師增能研習,非學分班,2023/11/24,2023/11/24,臺南市 國立北門高中,臺南市佳里區
4120257,學習力就是競爭力,非學分班,2023/11/24,2023/11/24,雲林縣 私立永年高中,雲林縣土　庫
4122269,臺北市112年度公私立高級中等學校生命教育中心學校專業成長組-莊子.內七篇(第六場),非學分班,2023/11/24,2023/11/24,臺北市 臺北市立復興高級中學,臺北市北投區
4122365,資訊安全與數理邏輯跨領域實作工作坊(六),非學分班,2023/11/24,2023/11/24,臺南市 國立臺南一中,臺南市東　區
4124174,Special教師養成秘訣大公開,非學分班,2023/11/24,2023/11/24,高雄市 國立岡山高中,高雄市岡山區
4124308,112學年度第一學期高職優質化112(A3)3-2活絡教師專業社群(雙語技職專業社群),非學分班,2023/11/24,2023/11/24,臺中市 私立明台高中,臺中市霧峰區
4124338,[領綱素養]112學年高中優質化暨前導學校計畫高優學校北區戶外教育線上分享會,非學分班,2023/11/24,2023/11/24,臺北市 臺北市立景美女子高級中學,臺北市文山區
4125295,AIGC在教育領域上應用(二)-AI圖像創作魔法,非學分班,2023/11/24,2023/11/24,新竹市 私立磐石高中,新竹市新竹市
4127310,[精進數位]Holiyo密室逃脫遊戲製作融入綜合領域教學心得分享,非學分班,2023/11/24,2023/11/24,高雄市 市立林園高中,高雄市林園區
課程代碼,研習名稱,性質,課程開始日期,課程結束日期,辦理研習單位,開課地點
4049178, SPATIAL高階互動創作-Unity遊戲引擎基礎介紹與實作,非學分班,2023/11/25,2023/12/02,臺北市 臺北市數位實驗高級中等學校,臺北市中正區
4049301,[素養導向]藝數摺學第五屆年會,非學分班,2023/11/25,2023/11/25,基隆市 市立八斗高中,基隆市中正區
4061691,【國中生資科】Start！智慧小車競賽研習-競賽組(科技教師),非學分班,2023/11/25,2023/11/25,新北市 市立錦和高中,新北市中和區
4090356,AI生成技術在教學的應用與實踐---第二場,非學分班,2023/11/25,2023/11/25,臺中市 私立新民高中,臺中市北　區
4092040,Padlet軟體應用教學,非學分班,2023/11/25,2023/11/25,桃園市 市立桃園高中,桃園市桃　園
4092868,校園性侵害性騷擾或性霸凌事件調查專業人員高階培訓研習,非學分班,2023/11/25,2023/11/27,花蓮縣 縣立南平中學,花蓮縣鳳　林
4096419,2023臺中EDU-BUFFET課程博覽會大師論A、B、C報名(線上參與),非學分班,2023/11/25,2023/11/25,臺中市 市立惠文高中,臺中市南屯區
4096421,2023臺中EDU-BUFFET課程博覽會大師論A、B、C報名(實體參與),非學分班,2023/11/25,2023/11/25,臺中市 市立惠文高中,臺中市南屯區
4096487,A2數位學習工作坊－因材網平臺操作及高中化學教學模式應用,非學分班,2023/11/25,2023/11/25,彰化縣 縣立成功高中,臺北市文山區
4116061,資料結構與演算法，使用Python,非學分班,2023/11/25,2023/11/25,高雄市 市立高雄中學,高雄市三民區
4124311,[精進數位]A2數位學習工作坊（二）,非學分班,2023/11/25,2023/11/25,臺中市 私立明台高中,臺中市霧峰區
4109709,[素養導向]112學年度第一學期臺東圈高優學校區域參訪,非學分班,2023/11/26,2023/11/28,臺東縣 國立臺東女中,臺南市中西區
3928780,《桌遊議術施》讀書會(一),非學分班,2023/11/27,2023/11/27,桃園市 市立大溪高中,桃園市大　溪
4016505,[素養導向]資訊融入教學研習（二）,非學分班,2023/11/27,2023/11/27,臺南市 國立臺南女中,臺南市中西區
4019907,112學年度第1學期「宜蘭學校定必修教師社群研習」(五),非學分班,2023/11/27,2023/11/27,宜蘭縣 國立宜蘭高中,宜蘭縣宜　蘭
4024373,[精進數位]B4各領域/科目數位教學工作坊-資訊融入教學暨教學策略分享,非學分班,2023/11/27,2023/11/27,新竹市 國立新竹女中,新竹市新竹市
4028321,[素養導向] 如何用ChatGPT及Twee教高中英文: 從教案活動設計到講義產出,非學分班,2023/11/27,2023/11/27,臺北市 臺北市立中正高級中學,臺北市北投區
4030273,112學年度第一學期長億高中(高中部)國語文領域教師專業社群研習（三場）,非學分班,2023/11/27,2024/01/08,臺中市 市立長億高中,臺中市太平區
4031156,「與蘭有約」研習,非學分班,2023/11/27,2023/11/27,桃園市 市立龍潭高中,桃園市平　鎮
4047853,快、狠、準--高效率閱讀教學,非學分班,2023/11/27,2023/11/27,桃園市 市立大溪高中,桃園市大　溪
課程代碼,研習名稱,性質,課程開始日期,課程結束日期,辦理研習單位,開課地點
4049961,[素養導向]「穿越古今：重返府城與眷村風華」教師增能研習,非學分班 (校本研習),2023/11/27,2023/11/28,臺東縣 國立臺東女中,臺南市中西區
4061761,數位素養-數位教學軟體知多少,非學分班,2023/11/27,2023/11/27,新竹市 國立竹科實驗高級中等學校,新竹市新竹市
4062527,現代陶藝柴燒教學研習,非學分班,2023/11/27,2023/12/04,臺中市 市立大甲高中,臺中市大甲區
4075953,校園自傷(殺)防治暨生命教育教師輔導知能研習,非學分班 (校本研習),2023/11/27,2023/11/27,臺中市 市立東山高中,臺中市北屯區
4092124,112年度高級中等學校戶外教育課程優質化計畫--- 落實無痕山林運動倡議課程設計工作坊,非學分班,2023/11/27,2023/11/27,宜蘭縣 國立羅東高中,臺北市大安區
4095965,[領綱宣導]「人生設計卡－學習歷程課程設計工作坊」研習,非學分班,2023/11/27,2023/11/27,桃園市 市立龍潭高中,桃園市龍　潭
4096007,英語科會考學習診斷與教學轉化,非學分班,2023/11/27,2023/11/27,彰化縣 縣立和美高中,彰化縣和　美
4096201,化石的點點滴滴,非學分班,2023/11/27,2023/11/27,彰化縣 縣立成功高中,彰化縣溪　湖
4096478,[領綱素養]【領綱素養】《從產地到餐桌-新埔柿餅走讀》國文科研習,非學分班,2023/11/27,2023/11/27,新竹縣 縣立六家高級中學,新竹縣新　埔
4097797,[性平教育]【法定研習】性平及兒少保護責任通報研習,非學分班,2023/11/27,2023/11/27,宜蘭縣 縣立慈心華德福實中,宜蘭縣冬　山
4108844,[精進數位]A2數位學習工作坊(二)-南區第六場-Google Classroom,非學分班,2023/11/27,2023/11/27,臺南市 國立臺南二中,臺南市北　區
4108850,[精進數位]A2數位學習工作坊(二)-南區第六場-因材網,非學分班,2023/11/27,2023/11/27,臺南市 國立臺南二中,臺南市北　區
4110471,教師增能研習,非學分班,2023/11/27,2023/11/27,基隆市 私立二信高中,基隆市中正區
4110490,藝能科教師專業成長研習─AI繪圖課程,非學分班,2023/11/27,2023/11/27,臺中市 市立臺中女中,臺中市西　區
4110589,教師輔導知能研習   主題：兼顧法、理、情之教師輔導與班級經營,非學分班 (校本研習),2023/11/27,2023/11/27,宜蘭縣 國立宜蘭高中,宜蘭縣宜　蘭
4112050,[素養導向]國立屏北高中112學年度第一學期「自主學習指導策略及成果分享」研習,非學分班,2023/11/27,2023/11/27,屏東縣 國立屏北高中,屏東縣鹽　埔
4112500,[領綱素養]學習歷程反思工作坊,非學分班,2023/11/27,2023/11/27,雲林縣 國立北港高中,雲林縣北　港
4112550,112-1高優計畫-數學科教師增能-三階魔方的8355解法,非學分班 (校本研習),2023/11/27,2023/11/27,臺南市 國立南科國際實驗高中,臺南市新市區
4112597,人權教育公開觀議課,非學分班,2023/11/27,2023/11/27,桃園市 市立內壢高中,桃園市中　壢
4115019,112學年度上學期認輔教師輔導知能研習-有效的助人陪伴的小技巧,非學分班,2023/11/27,2023/11/27,花蓮縣 國立花蓮女中,花蓮縣花　蓮
課程代碼,研習名稱,性質,課程開始日期,課程結束日期,辦理研習單位,開課地點
4115049,112-1 《模組桌遊—抒情文》工作坊,非學分班,2023/11/27,2023/11/27,高雄市 市立路竹高中,高雄市路竹區
4115886,[教學輔導]112學年度輔導增能研習-「整合內在的Parts」,非學分班,2023/11/27,2023/11/27,臺中市 市立忠明高中,臺中市西　區
4116032,國際教育：英國美國大不同,非學分班 (校本研習),2023/11/27,2023/11/27,桃園市 桃園市振聲高中,桃園市桃　園
4116039,打造AI時代不敗的閱讀力與學習力,非學分班,2023/11/27,2023/11/27,高雄市 市立左營高中,高雄市左營區
4116675,地方學教學經驗與實務分享(二) ,非學分班,2023/11/27,2023/11/27,新竹縣 國立竹北高中,新竹縣竹　北
4117324,112學年第1學期蘭陽女中教師社群─蘭園人文暨生態地圖研究社系列研習：頭城沿海漁村聚落文史踏查,非學分班,2023/11/27,2023/11/27,宜蘭縣 國立蘭陽女中,宜蘭縣宜　蘭
4118433,112學年度桃連區國中端試模擬分發平台系統操作說明會,非學分班,2023/11/27,2023/11/27,桃園市 市立陽明高中,桃園市桃　園
4119144,[精進數位]A1數位學習工作坊(一)-科技輔助自主學習的教學模式-應用虛擬實境及人工智慧,非學分班,2023/11/27,2023/11/27,新竹縣 國立竹東高中,新竹縣竹　東
4119310,山野教育跨域課程工作坊系列課程(一)繩結及天幕搭設實作,非學分班,2023/11/27,2023/11/27,高雄市 市立左營高中,高雄市左營區
4120376,桃園市立觀音高中校內資訊研習(十),非學分班,2023/11/27,2023/11/27,桃園市 市立觀音高中,桃園市觀　音
4120401,玉山學教師社群自然生態研習-霧林帶及上部闊葉林帶,非學分班,2023/11/27,2023/11/27,嘉義市 國立嘉義高中,嘉義縣阿里山
4124032,[精進數位]112年度推動中小學數位學習精進方案~A1數位學習工作坊(一),非學分班,2023/11/27,2023/11/27,屏東縣 縣立東港高中,屏東縣東　港
4125165,113學年度基北區高級中等學校免試入學招生名額確認暨系統網站平臺說明研習,非學分班,2023/11/27,2023/11/27,新北市 市立中和高中,新北市中和區
4126606,112-1國文科-PBL醫學生面試與課程融入,非學分班,2023/11/27,2023/11/27,臺中市 私立曉明女中,臺中市北　區
4126751,112-1-國文領域辦理子計畫B-「課綱課程發展計畫」增能研習-解析六級分作文,非學分班,2023/11/27,2023/11/27,新竹市 市立建功高中,新竹市新竹市
4128573,科技融入教學: google workspace 和  canva,非學分班,2023/11/27,2023/11/27,嘉義縣 縣立竹崎高中,嘉義縣竹　崎
4128679,嘉義縣立竹崎高級中學112學年度高中前導學校計畫-科技融入教學: google workspace 和 canva,非學分班,2023/11/27,2023/11/27,嘉義縣 縣立竹崎高中,嘉義縣竹　崎
4130005,影片剪輯(基礎班),非學分班,2023/11/27,2023/11/27,臺中市 私立新民高中,臺中市北　區
3848965,112年臺北市線上教學影片拍攝計畫 高中物理科共備工作坊研習(第七場),非學分班,2023/11/28,2023/11/28,臺北市 臺北市立麗山高級中學,臺北市內湖區
4005521,深溝水源生態教育,非學分班,2023/11/28,2023/11/28,宜蘭縣 國立宜蘭高中,宜蘭縣員　山
課程代碼,研習名稱,性質,課程開始日期,課程結束日期,辦理研習單位,開課地點
4020131,[資訊非專]Raspberry Pi 樹莓派的科學實驗,非學分班,2023/11/28,2023/11/28,新竹縣 縣立湖口高中,新竹縣湖　口
4029955,112學年度第一學期長億高中(高中部)綜合領域教師專業社群研習,非學分班,2023/11/28,2023/11/28,臺中市 市立長億高中,臺中市太平區
4043674,[素養導向]基隆區素養導向暨教育遊戲化教學工作坊(五)~~用桌遊學心智圖,非學分班,2023/11/28,2023/11/28,基隆市 市立八斗高中,基隆市信義區
4045067,[素養導向]112-1學習歷程檔案與課程學習成果講座-北北基場,非學分班,2023/11/28,2023/11/28,臺北市 國立師大附中,臺北市大安區
4046173,中山大學附中112-1優質化英文領域教師社群──SDGs 議題融入教學設計,非學分班,2023/11/28,2023/11/28,高雄市 國立中山大學附屬國光高中,高雄市楠梓區
4061698,【國中生資科】Start！智慧小車競賽研習-聯盟組(科技教師),非學分班,2023/11/28,2023/11/28,新北市 市立錦和高中,新北市中和區
4077098,[領綱宣導]112-1高中綜合活動領域家政公開觀課研習,非學分班,2023/11/28,2023/12/12,高雄市 市立新興高中,高雄市新興區
4087527,教學專業成長甘苦談(英語文),非學分班 (校本研習),2023/11/28,2023/11/28,臺中市 私立明道高中,臺中市烏日區
4087792,人工智慧辨識及物聯網互動進階教學,非學分班,2023/11/28,2023/11/28,彰化縣 國立鹿港高中,彰化縣鹿　港
4090027,[精進數位]A1數位學習工作坊(一),非學分班,2023/11/28,2023/11/28,宜蘭縣 國立宜蘭高中,宜蘭縣宜　蘭
4091883,[領綱素養]校定必修-南苑雅頌之亞洲織品展概說,非學分班,2023/11/28,2023/11/28,嘉義縣 縣立永慶高中,嘉義縣太　保
4096184,閱讀理解工作坊-永續旅遊課程設計,非學分班,2023/11/28,2023/11/28,彰化縣 縣立成功高中,彰化縣溪　湖
4096476,[素養導向]農業生產、食物消費、飲食文化與地理環境的探討,非學分班,2023/11/28,2023/11/28,新北市 市立板橋高中,苗栗縣竹　南
4097374,[精進數位]A2數位學習工作坊(二),非學分班,2023/11/28,2023/11/28,高雄市 市立瑞祥高中,高雄市前鎮區
4097767,客家文學步道賞析,非學分班,2023/11/28,2023/11/28,新竹縣 國立竹北高中,新竹縣竹　北
4109714,左營高中教師校訂課程研習【左營好學行動探索】,非學分班,2023/11/28,2023/11/28,高雄市 市立左營高中,高雄市左營區
4112768,打開平板教學的工具箱：教學實務分享增能工作坊,非學分班,2023/11/28,2023/11/28,高雄市 國立中山大學附屬國光高中,高雄市楠梓區
4113683,機械產業趨勢,非學分班 (校本研習),2023/11/28,2023/11/28,桃園市 私立光啟高中,桃園市龜　山
4113701,[媒體素養]AI協助素養導向課程設計,非學分班,2023/11/28,2023/11/28,臺東縣 國立臺東高中,臺東縣臺　東
4114960,[素養導向]認識Bandlab操作與課堂運用,非學分班,2023/11/28,2023/11/28,彰化縣 縣立田中高中,彰化縣田　中
課程代碼,研習名稱,性質,課程開始日期,課程結束日期,辦理研習單位,開課地點
4116671,資訊素養主題講座研習~ 數位學習-遊戲化測驗與練習以Quizizz、Wordwall為例,非學分班,2023/11/28,2023/11/28,臺中市 私立慈明高中,臺中市太平區
4117206,特教知能研習-聽懂孩子的聲音-成為身心障礙學生的良師益友,非學分班,2023/11/28,2023/11/30,屏東縣 縣立來義高中,屏東縣來　義
4118400,教室裡的「正向教養」—糾正錯誤前，先創造情感連結,非學分班,2023/11/28,2023/11/28,基隆市 國立基隆女中,基隆市信義區
4118609,[家庭教育]「全人發展的性教育與親子依附」研習,非學分班,2023/11/28,2023/11/28,新北市 市立中和高中,新北市中和區
4119157,[領綱素養]學習歷程課程設計實務分享,非學分班,2023/11/28,2023/11/28,嘉義縣 縣立永慶高中,嘉義縣太　保
4120525,[雙語教育]雙語教育/療育心靈的地方午茶與古典跨界,非學分班,2023/11/28,2023/11/28,南投縣 縣立旭光高中,南投縣草　屯
4122265,自主學習指導教師自學規劃研習,非學分班,2023/11/28,2023/11/28,彰化縣 縣立田中高中,彰化縣田　中
4124179,[精進數位]A1數位學習工作坊（一）,非學分班,2023/11/28,2023/11/28,雲林縣 縣立麥寮高中,雲林縣麥　寮
4124240,專題製作經驗探究,非學分班,2023/11/28,2023/11/28,臺中市 私立僑泰高中,臺中市大里區
4124458,112-1-藝文領域辦理子計畫A-高二加深加廣(多媒體音樂)課程,非學分班,2023/11/28,2023/11/28,新竹市 市立建功高中,新竹市新竹市
4125398,[精進數位]A2數位學習工作坊(二),非學分班,2023/11/28,2023/11/28,臺中市 私立僑泰高中,臺中市大里區
4126861,國立臺南二中112學年度第一學期教職員工輔導知能研習,非學分班,2023/11/28,2023/11/28,臺南市 國立臺南二中,臺南市北　區
4127390,日語繪本與歌謠賞析跨域社群研習,非學分班 (校本研習),2023/11/28,2023/11/28,臺中市 私立僑泰高中,臺中市大里區
4127400,素養教學策略增能研習,非學分班 (校本研習),2023/11/28,2023/11/28,臺中市 私立僑泰高中,臺中市大里區
4127401,閩南語認證考試的鋩角,非學分班,2023/11/28,2023/11/28,桃園市 私立六和高中,桃園市平　鎮
4128515,五感體驗－香氛療癒,非學分班,2023/11/28,2023/11/28,高雄市 市立中正高中,高雄市苓雅區
4129958,[國際教育]PVQC面面觀--如何將PVQC導入課程,非學分班,2023/11/28,2023/11/28,臺中市 私立僑泰高中,臺中市大里區
4129982,[精進數位]112年智慧時代新生活-資安新趨勢,非學分班,2023/11/28,2023/11/28,高雄市 市立文山高中,高雄市鳥松區
3990819,旅行燈箱工作坊,非學分班,2023/11/29,2023/11/29,雲林縣 國立北港高中,雲林縣北　港
4010930,【東區】112學年度綜合型高中數學領域教師適性教學增能研習,非學分班,2023/11/29,2023/11/29,彰化縣 國立溪湖高中,臺東縣臺　東
課程代碼,研習名稱,性質,課程開始日期,課程結束日期,辦理研習單位,開課地點
4016464,[性平教育]生活中常見的兒少性剝削及跟騷事件增能研習,非學分班,2023/11/29,2023/11/29,臺東縣 國立臺東女中,臺東縣臺　東
4022323,112年度數學科活動-新課綱數學自主學習與科展指導分享研習,非學分班,2023/11/29,2023/11/29,宜蘭縣 國立宜蘭高中,宜蘭縣宜　蘭
4023517,媒體與資訊素養：資訊判讀,非學分班,2023/11/29,2023/11/29,新竹縣 國立竹東高中,新竹縣竹　東
4028064,[資訊非專]數位教學應用,非學分班,2023/11/29,2023/11/29,桃園市 市立新屋高級中等學校,桃園市新　屋
4030227,六家科技中心【國小資議】AIQ霸人工智能自走車教師增能研習,非學分班,2023/11/29,2023/11/29,新竹縣 縣立六家高級中學,新竹縣竹　北
4042775,[素養導向]趣找科學-未來科技專題課程-課程分享,非學分班 (校本研習),2023/11/29,2023/11/29,宜蘭縣 私立中道高中,宜蘭縣壯　圍
4042777,【自我探索課程與教學活動】人生設計卡-找到職涯方向/探索優勢能力,非學分班,2023/11/29,2023/11/29,新竹縣 國立竹北高中,新竹縣竹　北
4044221,「關照你我的心！」─淺談創傷知情與教師自我照護,非學分班 (校本研習),2023/11/29,2023/11/29,高雄市 國立鳳新高中,高雄市鳳山區
4045282,112學年度第一學期前鎮高中生命教育教師專業成長社群研習2,非學分班,2023/11/29,2023/11/29,高雄市 市立前鎮高中,高雄市前鎮區
4047685,優質化「排球技術與健身訓練實作研習二」,非學分班,2023/11/29,2023/11/29,臺中市 市立臺中一中,臺中市北　區
4047813,[素養導向]社會領域素養導向評量研習 命題理論與實務、合科命題經驗,非學分班,2023/11/29,2023/11/29,花蓮縣 國立花蓮女中,花蓮縣花　蓮
4048045,[素養導向]112學年度社會領域跨科探究與實作教師增能工作坊-從金門到世界：一個東亞文化史的另類視野,非學分班,2023/11/29,2023/11/29,臺南市 國立臺南一中,臺南市東　區
4061711,【國小科議】懸崖倉鼠車(科技教師),非學分班,2023/11/29,2023/11/29,新北市 市立錦和高中,新北市中和區
4076166,112學年度資訊科技公開觀議課,非學分班,2023/11/29,2023/11/29,高雄市 財團法人普門中學,高雄市大樹區
4090028,[精進數位]A2數位學習工作坊(二),非學分班,2023/11/29,2023/11/29,宜蘭縣 國立宜蘭高中,宜蘭縣宜　蘭
4092843,國立岡山高中公開觀課,非學分班,2023/11/29,2023/11/29,高雄市 國立岡山高中,高雄市岡山區
4092957,全英語授課課程設計及教材教法,非學分班 (校本研習),2023/11/29,2023/11/29,臺南市 國立南科國際實驗高中,臺南市新市區
4093068,素養與評量-談自然會考趨勢,非學分班 (校本研習),2023/11/29,2023/11/29,臺中市 私立華盛頓高中,臺中市太平區
4093339,國立苗栗高級中學公開觀議課-再別康橋,非學分班,2023/11/29,2023/11/29,苗栗縣 國立苗栗高中,苗栗縣苗　栗
4096188,你也可以是Lady卡卡-牌卡融入國文教學經驗談,非學分班,2023/11/29,2023/11/29,彰化縣 縣立成功高中,彰化縣溪　湖
課程代碼,研習名稱,性質,課程開始日期,課程結束日期,辦理研習單位,開課地點
4096474,[素養導向]議題實境遊戲在課程中的運用 -4.Genial.ly 製作教學與實作,非學分班,2023/11/29,2023/11/29,新北市 市立板橋高中,新北市板橋區
4096489,[素養導向]運動與民族，歷史與社會,非學分班,2023/11/29,2023/11/29,新北市 市立板橋高中,新北市板橋區
4096500,[素養導向]聾人父母子女(CODA) 的手語溝通技巧,非學分班,2023/11/29,2023/11/29,新北市 市立板橋高中,新北市板橋區
4097784,數學的無量空處,非學分班,2023/11/29,2023/11/29,彰化縣 縣立和美高中,彰化縣和　美
4097796,Canva 有手就行,非學分班,2023/11/29,2023/11/29,新竹縣 私立義民高中,新竹縣竹　北
4111811,路竹科技中心【國中資科】AI繪圖工具創意實作:陶瓷杯墊為例,非學分班,2023/11/29,2023/11/29,高雄市 市立路竹高中,高雄市路竹區
4112014,AI人工智慧,非學分班,2023/11/29,2023/11/29,高雄市 市立左營高中,高雄市左營區
4112481,星光認輔教師輔導知能研習~學生壓力調適與促進校園生活適應,非學分班,2023/11/29,2023/11/29,臺中市 市立臺中女中,臺中市西　區
4114887,Canva 與 AI 快速應用,非學分班,2023/11/29,2023/11/29,高雄市 國立中山大學附屬國光高中,高雄市楠梓區
4115096,[素養導向]臺北市高中健體學科平台：教師專業成長增能研習場次一,非學分班,2023/11/29,2023/11/29,臺北市 臺北市立成淵高級中學,臺北市大同區
4115101,[素養導向]臺北市高中健體學科平台：教師專業成長增能研習場次二,非學分班,2023/11/29,2023/11/29,臺北市 臺北市立成淵高級中學,臺北市大同區
4115759,[性平教育]兒童及少年性剝削防制暨數位/網路性別暴力防治教師增能研習,非學分班 (校本研習),2023/11/29,2023/11/29,臺中市 私立慈明高中,臺中市太平區
4115861,平板導入教學,非學分班 (校本研習),2023/11/29,2023/11/29,桃園市 桃園市振聲高中,桃園市桃　園
4117190,[素養導向]動的健康-運動中心場館介紹與基礎瑜珈體驗,非學分班 (校本研習),2023/11/29,2023/11/29,宜蘭縣 私立中道高中,宜蘭縣壯　圍
4118374,[素養導向]如何用Chat GPT高效設計素養課程,非學分班,2023/11/29,2023/11/29,嘉義縣 國立新港藝術高中,嘉義縣新　港
4118574,[素養導向]命題社群期中會議暨《極端天氣》桌遊實作,非學分班,2023/11/29,2023/11/29,新北市 市立安康高中,新北市新莊區
4119161,[領綱素養]科技融入教學-以網頁架設為例,非學分班,2023/11/29,2023/11/29,嘉義縣 縣立永慶高中,嘉義縣太　保
4119224,112學年度第一學期「SDGs與全球公民素養讀書會」,非學分班,2023/11/29,2023/11/29,彰化縣 國立溪湖高中,彰化縣溪　湖
4119323,112學年度高中均質化112-4-1.4 特色教學計畫-居家水電檢測與保養第四場,非學分班,2023/11/29,2023/11/29,新竹縣 私立東泰高中,新竹縣竹　東
4119342,認識AI與實作AI生圖,非學分班,2023/11/29,2023/11/29,桃園市 市立壽山高中,桃園市龜　山
課程代碼,研習名稱,性質,課程開始日期,課程結束日期,辦理研習單位,開課地點
4120340,內壢高中社會科教學研究會,非學分班,2023/11/29,2023/11/29,桃園市 市立內壢高中,桃園市中　壢
4120386,雙語教學分享,非學分班,2023/11/29,2023/11/29,嘉義市 國立嘉義高中,嘉義市嘉義市
4122074,「美感教育植顏繪色」教學研習,非學分班,2023/11/29,2023/11/29,桃園市 市立龍潭高中,桃園市龍　潭
4122075,生活科技「生活木作初階班」教學研習,非學分班,2023/11/29,2023/11/29,桃園市 市立龍潭高中,桃園市龍　潭
4122108,北歐森林聖誕花圈,非學分班 (校本研習),2023/11/29,2023/11/29,桃園市 桃園市振聲高中,桃園市桃　園
4122109,[素養導向]旭光科技中心【國中生科】環氧樹脂複合媒材應用實作-場次2(112/11/29) ,非學分班,2023/11/29,2023/11/29,南投縣 縣立旭光高中,南投縣草　屯
4122196,設計群產業專家辦理產業講座,非學分班 (校本研習),2023/11/29,2023/11/29,桃園市 桃園市育達高中,桃園市平　鎮
4122199,商科教師專業知能研習,非學分班 (校本研習),2023/11/29,2023/11/29,桃園市 桃園市育達高中,桃園市平　鎮
4122216,國文科教師專業社群研習,非學分班 (校本研習),2023/11/29,2023/11/29,桃園市 桃園市育達高中,桃園市平　鎮
4122274,災害應變的課程之基礎課程,非學分班,2023/11/29,2023/11/29,雲林縣 私立福智高中,雲林縣古　坑
4122314,投資理財教師專業增能研習,非學分班,2023/11/29,2023/11/29,臺中市 私立新民高中,臺中市北　區
4122403,探究社群：『解鎖思考潛力，AI協作命題--以自然領域為例』,非學分班,2023/11/29,2023/11/29,桃園市 國立中央大學附屬中壢高中,桃園市中　壢
4124026,[精進數位]A1數位學習工作坊(一),非學分班,2023/11/29,2023/11/29,基隆市 市立暖暖高中,基隆市暖暖區
4124123,讀你．懂你．接住你～淺談創傷知情,非學分班,2023/11/29,2023/11/29,臺中市 私立弘文高中,臺中市潭子區
4124131,[精進數位]112年度推動中小學數位學習精進方案~A2數位學習工作坊(二),非學分班,2023/11/29,2023/11/29,屏東縣 縣立東港高中,屏東縣東　港
4125123,班級經營知能分享,非學分班,2023/11/29,2023/11/29,新竹縣 國立關西高中,新竹縣關　西
4125216,「112年度前瞻基礎建設學校智慧網路教師數位教學研習」第三場,非學分班 (校本研習),2023/11/29,2023/11/29,高雄市 私立復華高中,高雄市苓雅區
4125312,自主學習典範學校分享--大溪高中自主學習前導課程實務分享,非學分班,2023/11/29,2023/11/29,高雄市 市立中正高中,高雄市苓雅區
4125321,從核心概念發展的課程設計,非學分班,2023/11/29,2023/11/29,高雄市 市立中正高中,高雄市苓雅區
4125510,[精進數位]PaGaMo 的認識與教學應用,非學分班,2023/11/29,2023/11/29,嘉義縣 縣立永慶高中,嘉義縣太　保
課程代碼,研習名稱,性質,課程開始日期,課程結束日期,辦理研習單位,開課地點
4126579,[環境教育]生態心理學與綠色照護,非學分班,2023/11/29,2023/11/29,新竹市 國立新竹高中,新竹市新竹市
4126583,[教學領導]ChatGPT在課堂教學的理念與實踐,非學分班,2023/11/29,2023/11/29,臺中市 私立明道高中,臺中市烏日區
4126759,112-1-健體領域辦理子計畫B-3「社會共好主題社群」計畫,非學分班,2023/11/29,2023/11/29,新竹市 市立建功高中,新竹市新竹市
4126771,112安樂科技中心【國中小資訊】「資訊科技創意實作競賽」教師培訓研習第二場次,非學分班,2023/11/29,2023/11/29,基隆市 市立安樂高中,基隆市安樂區
4127210,國立鳳山高中優質化112學年度 第一學期 自然科專業社群(2) 菱炭生產過程簡介,非學分班 (校本研習),2023/11/29,2023/11/29,高雄市 國立鳳山高中,高雄市鳳山區
4127387,[素養導向]健康促進、創新多元教學 新興運動-匹克球 教師社群研習,非學分班,2023/11/29,2023/11/29,臺南市 國立臺南一中,臺南市東　區
4127404,金融戰略王課程分享,非學分班,2023/11/29,2023/11/29,桃園市 私立六和高中,桃園市平　鎮
4128480,[性平教育]性平教育與學生輔導工作,非學分班,2023/11/29,2023/11/29,桃園市 市立壽山高中,桃園市龜　山
4019453,[素養導向]核心種子共備-自然領域課程發展中心跨校教師共備計畫(三),非學分班 (種子研習),2023/11/30,2023/11/30,新北市 市立新北高中,新北市三重區
4019989,[素養導向]〔山野教育〕基本垂降確保術,非學分班,2023/11/30,2023/11/30,南投縣 縣立旭光高中,南投縣草　屯
4023016,[素養導向]112學年度自然探究與實作教材教法工作坊─探究與實作的數據分析—推論統計1(高屏雙東),非學分班,2023/11/30,2023/11/30,臺南市 國立臺南一中,臺南市東　區
4023021,[素養導向]112學年度自然探究與實作教材教法工作坊─探究與實作的數據分析—推論統計1(雲嘉南),非學分班,2023/11/30,2023/11/30,臺南市 國立臺南一中,臺南市東　區
4045495,113年臺中市教學卓越獎初選輔導系列工作坊11/30國小場,非學分班,2023/11/30,2023/11/30,臺中市 市立臺中二中,臺中市北　區
4045521,113年臺中市教學卓越獎初選輔導系列工作坊11/30國中場,非學分班,2023/11/30,2023/11/30,臺中市 市立臺中二中,臺中市北　區
4046057,[精進數位]A2數位學習工作坊(二) 林芳莉老師,非學分班,2023/11/30,2023/11/30,高雄市 國立高師大附中,高雄市苓雅區
4047797,112學年因材網高中化學的知識節點結構與教學應用實務推廣,非學分班,2023/11/30,2023/11/30,彰化縣 縣立成功高中,新竹市新竹市
4048025,2023寫信馬拉松,非學分班,2023/11/30,2023/11/30,彰化縣 縣立和美高中,彰化縣和　美
4050063,中山大學附中112-1優質化國光地球村──從法律觀點看日月光污水事件的啟示,非學分班,2023/11/30,2023/11/30,高雄市 國立中山大學附屬國光高中,高雄市楠梓區
4076345,[領綱宣導]112-1高中數學公開觀課研習,非學分班,2023/11/30,2023/11/30,高雄市 市立新興高中,高雄市新興區
4076347,[領綱宣導]112-1國中社會領域公民公開觀課研習,非學分班,2023/11/30,2023/11/30,高雄市 市立新興高中,高雄市新興區
課程代碼,研習名稱,性質,課程開始日期,課程結束日期,辦理研習單位,開課地點
4076859,[領綱宣導]112-1國中國文公開觀課研習,非學分班,2023/11/30,2023/11/30,高雄市 市立新興高中,高雄市新興區
4077109,[領綱宣導]112-1高中國文公開觀課研習,非學分班,2023/11/30,2023/11/30,高雄市 市立新興高中,高雄市新興區
4077114,[領綱宣導]112-1國中國文公開觀課研習,非學分班,2023/11/30,2023/11/30,高雄市 市立新興高中,高雄市新興區
4077115,[領綱宣導]112-1高中社會領域公民公開觀課研習,非學分班,2023/11/30,2023/11/30,高雄市 市立新興高中,高雄市新興區
4077119,[領綱宣導]112-1高中國文公開觀課研習,非學分班,2023/11/30,2023/11/30,高雄市 市立新興高中,高雄市新興區
4077123,[領綱宣導]112-1高中自然科探究實做公開觀課研習,非學分班,2023/11/30,2023/11/30,高雄市 市立新興高中,高雄市新興區
4077130,[領綱宣導]112-1國中藝能領域表演藝術公開觀課研習,非學分班,2023/11/30,2023/11/30,高雄市 市立新興高中,高雄市新興區
4077133,[領綱宣導]112-1高中數學公開觀課研習,非學分班,2023/11/30,2023/11/30,高雄市 市立新興高中,高雄市新興區
4092765,國立苗栗高級中學公開觀議課,非學分班,2023/11/30,2023/11/30,苗栗縣 國立苗栗高中,苗栗縣苗　栗
4092867,夢想職人講座─我如何成為一位『職人』！,非學分班,2023/11/30,2023/11/30,高雄市 市立六龜高中,高雄市六龜區
4094380,雙語地理實務分享研習,非學分班 (種子研習),2023/11/30,2023/11/30,高雄市 國立鳳新高中,高雄市鳳山區
4094728,自主學習節國立北門高中地理科公開觀課,非學分班,2023/11/30,2023/11/30,臺南市 國立北門高中,臺南市佳里區
4096004,社會科會考學習診斷與教學轉化,非學分班,2023/11/30,2023/11/30,彰化縣 縣立和美高中,彰化縣和　美
4096501,[素養導向]現代文學的創新教學,非學分班,2023/11/30,2023/11/30,新北市 市立板橋高中,新北市板橋區
4097654, 手眼實作教師增能社群活動,非學分班 (校本研習),2023/11/30,2023/11/30,高雄市 國立鳳新高中,臺南市安南區
4109508,112學年度上學期忠明高中高中數位學習精進計畫生物科公開觀課,非學分班,2023/11/30,2023/11/30,臺中市 市立忠明高中,臺中市西　區
4110415,東港高中112學年度活化教學計劃--子計畫一推動教師實踐自主活化教學,非學分班 (種子研習),2023/11/30,2023/11/30,屏東縣 縣立東港高中,屏東縣東　港
4110715,[精進數位]A1數位學習工作坊(一),非學分班,2023/11/30,2023/11/30,彰化縣 國立鹿港高中,彰化縣鹿　港
4113415,SEL與生命教育工作坊112.11.30,非學分班,2023/11/30,2023/11/30,宜蘭縣 國立羅東高中,臺北市中正區
4113716,112年度強化數位教學暨學習資訊應用環境計畫｜教師資訊科技增能(3D列印機進階),非學分班,2023/11/30,2023/11/30,臺東縣 臺東縣均一高中,臺東縣臺　東
課程代碼,研習名稱,性質,課程開始日期,課程結束日期,辦理研習單位,開課地點
4117099,綜合領域教學增能研習(二)--泥染蜂蠟布,非學分班,2023/11/30,2023/11/30,高雄市 市立六龜高中,高雄市六龜區
4120215,高雄市112年度「友善校園」學生事務與輔導工作─公民教育實踐研習,非學分班,2023/11/30,2023/11/30,高雄市 市立小港高中,高雄市小港區
4122358,會考作文創意教學,非學分班,2023/11/30,2023/11/30,基隆市 私立二信高中,基隆市中正區
4125096,因材網高中數學教學應用實務之自主學習節公開觀課,非學分班,2023/11/30,2023/11/30,彰化縣 國立溪湖高中,彰化縣溪　湖
4125224,數位素養-VR物理化學虛擬實驗室-VOLLEGE操作簡介,非學分班,2023/11/30,2023/11/30,嘉義縣 國立新港藝術高中,嘉義縣新　港
4125226,AI程式魔方課程,非學分班,2023/11/30,2023/11/30,臺南市 國立北門高中,臺南市佳里區
4126680,自然學科的探究雙語教學,非學分班,2023/11/30,2023/11/30,臺中市 市立臺中二中,臺中市北　區
4127242,[精進數位]A1數位學習工作坊(一),非學分班,2023/11/30,2023/11/30,高雄市 市立高雄中學,高雄市三民區
4127249,ICT融入化學實驗課程開發(初階)-可程式數位感測器的認識與實作,非學分班,2023/11/30,2023/11/30,臺中市 市立大甲高中,臺中市大甲區
4128534,高三升學管道與升學輔導網路資源實作,非學分班,2023/11/30,2023/11/30,臺中市 市立臺中二中,臺中市北　區
4013427,校園危機,非學分班,2023/12/01,2023/12/01,雲林縣 私立巨人高中,雲林縣北　港
4013473,教育部學生輔導諮商中心 宜蘭區駐點服務學校 112年度 輔導教師暨專業輔導人員團體督導(四),非學分班,2023/12/01,2023/12/01,宜蘭縣 國立宜蘭高中,宜蘭縣宜　蘭
4023385,112年度-學生輔導諮商中心彰化區駐點服務學校-「醫師講座」,非學分班,2023/12/01,2023/12/01,彰化縣 國立彰化高中,彰化縣彰　化
4024375,武陵高中本土語增能研習--臺灣手語對話練習(二)賣場購物,非學分班,2023/12/01,2023/12/01,桃園市 市立武陵高中,桃園市桃　園
4026231,臺北市立麗山高中112學年度第1學期導師專業成長研習(第三場）,非學分班 (校本研習),2023/12/01,2023/12/01,臺北市 臺北市立麗山高級中學,臺北市內湖區
4045961,聖功女中-CHAT GPT應用於藝能科,非學分班,2023/12/01,2023/12/01,臺南市 財團法人聖功女中,臺南市北　區
4047005,[精進數位]A3數位素養與資通安全研習,非學分班,2023/12/01,2023/12/01,高雄市 市立新莊高中,高雄市左營區
4047047,[精進數位]A2數位學習工作坊(二) 鄭心郁老師,非學分班,2023/12/01,2023/12/01,高雄市 國立高師大附中,高雄市苓雅區
4073576,2023年自主學習節活動-高級中等學校數位學習精進方案-電腦繪圖應用,非學分班,2023/12/01,2023/12/01,苗栗縣 國立苑裡高中,苗栗縣苑　裡
4073860,如何運用ChatGPT輔助學生學習Arduino,非學分班,2023/12/01,2023/12/15,臺中市 市立西苑高中,臺中市西屯區
課程代碼,研習名稱,性質,課程開始日期,課程結束日期,辦理研習單位,開課地點
4075959,多元選修課程分享會-樂遊數感經濟,非學分班,2023/12/01,2023/12/01,宜蘭縣 國立羅東高中,宜蘭縣羅　東
4076026,振聲五八、蹈厲奮發,非學分班 (校本研習),2023/12/01,2023/12/01,桃園市 桃園市振聲高中,桃園市桃　園
4087633,112年度下半年南投區輔導教師團體督導  第三次提案討論,非學分班,2023/12/01,2023/12/01,南投縣 國立中興高中,南投縣南　投
4093379,國立苗栗高級中學公開觀議課-星空奧妙,非學分班,2023/12/01,2023/12/01,苗栗縣 國立苗栗高中,苗栗縣苗　栗
4096432,學習歷程檔案撰寫秘訣,非學分班 (校本研習),2023/12/01,2023/12/01,高雄市 國立鳳新高中,高雄市鳳山區
4111706,聖功女中-CHAT GPT應用於藝能科,非學分班,2023/12/01,2023/12/01,臺南市 財團法人聖功女中,臺南市北　區
4112546,東山高中跨校數位學習工作坊,非學分班,2023/12/01,2023/12/01,臺中市 市立東山高中,臺中市北屯區
4113686,[SDGs]【情緒覺察與溝通】從體驗永續之美談教師自我情緒覺察與管理,非學分班,2023/12/01,2023/12/01,雲林縣 縣立蔦松藝術高中,雲林縣水　林
4116869,[雙語教育]YOGA INSIDE FLOW 內觀流瑜珈,非學分班 (校本研習),2023/12/01,2023/12/01,南投縣 縣立旭光高中,南投縣草　屯
4117120,[素養導向]〔多元選修課程工作坊〕遊戲化設計與思考《初階》,非學分班,2023/12/01,2023/12/01,南投縣 縣立旭光高中,南投縣草　屯
4119129,從文物探究走向校史 探究,非學分班,2023/12/01,2023/12/01,臺南市 國立新豐高中,臺南市東　區
4120254,CRPD校園融合案例分享,非學分班,2023/12/01,2023/12/01,新竹市 私立磐石高中,新竹市新竹市
4120453,[資通安全]智慧時代新生活~資安新趨勢：資訊軟體社交工程,非學分班,2023/12/01,2023/12/01,臺南市 國立善化高中,臺南市善化區
4126591,音樂療法於高齡者健康照護之運用,非學分班,2023/12/01,2023/12/01,南投縣 私立五育高中,南投縣南　投
4126860,[性平教育]我＂畏＂人人，人人＂畏＂我？談高中生數位議題的網路霸凌與性剝削防治及因應,非學分班,2023/12/01,2023/12/01,桃園市 市立桃園高中,桃園市桃　園
4130215,生成式AI工具Claude與教學應用增能工作坊,非學分班,2023/12/01,2023/12/01,臺中市 市立豐原高中,臺中市豐原區
4026973,[環境教育]湯姆生，馬雅各與台灣多元族群文化路徑體驗,非學分班,2023/12/02,2023/12/02,臺南市 市立南寧高中,臺南市南　區
4043146,無線控制四軸氣墊船實作,非學分班 (校本研習),2023/12/02,2023/12/02,高雄市 國立鳳新高中,高雄市鳳山區
4047752,路竹科技中心【國中生科】生活科技共備研習系列-磁浮音樂盒,非學分班,2023/12/02,2023/12/02,高雄市 市立路竹高中,高雄市路竹區
4062190,遊戲化教學設計與機制應用(一),非學分班,2023/12/02,2023/12/02,新竹縣 縣立六家高級中學,新竹縣竹　北
課程代碼,研習名稱,性質,課程開始日期,課程結束日期,辦理研習單位,開課地點
4097538,神奇有趣的數學操作活動,非學分班,2023/12/02,2023/12/02,臺南市 私立德光高中,臺南市東　區
4112012,數位心智圖法 &XMind軟體應用教學,非學分班,2023/12/02,2023/12/09,桃園市 市立桃園高中,桃園市桃　園
4124281,112年度高級中等學校新興科技教學遠距示範服務計畫之FabLab促進學校B組-療癒滾珠工作坊課程規畫,非學分班,2023/12/02,2023/12/02,新北市 國立華僑高級中等學校,新北市板橋區
4127494,[環境教育]國立自然科學博物館館藏導覽研習,非學分班,2023/12/02,2023/12/02,臺北市 臺北市立成功高級中學,臺北市中正區
4128667,生活科技產業實察,非學分班,2023/12/02,2023/12/02,彰化縣 縣立彰化藝術高中,彰化縣彰　化
4111996,3D建模列印與實作工作坊,非學分班,2023/12/03,2023/12/03,宜蘭縣 國立羅東高中,宜蘭縣羅　東
4125179,112學年度全民國防教育中心共備社群-，眷村人的娛樂記憶：走訪北左營眷村區（戶外）,非學分班 (校本研習),2023/12/03,2023/12/03,臺南市 國立南科國際實驗高中,高雄市左營區
4043705,「2023臺中EDU-BUFFET課程博覽會」數位教學公開課：【D3】善用科技談娛樂----Movies and Televisions,非學分班,2023/12/04,2023/12/04,臺中市 市立臺中二中,臺中市東　區
4047309,國語文領域教師增能研習- 學測國語文國寫、非選題的教與改,非學分班,2023/12/04,2023/12/04,臺中市 市立西苑高中,臺中市西屯區
4073525,112學年度第1學期公民科文領域新進教師-孫維志教師教學演示,非學分班 (校本研習),2023/12/04,2023/12/04,臺中市 私立立人高中,臺中市大里區
4089966,國立斗六高中2023自主學習節公開觀課活動(地理科),非學分班,2023/12/04,2023/12/04,雲林縣 國立斗六高中,雲林縣斗　六
4091917,[性平教育]「談性，彈性～青少年性議題體驗式增能基礎方案」第三階段工作坊(第三場次),非學分班,2023/12/04,2023/12/04,新北市 市立板橋高中,新北市板橋區
4092679,2023自主學習節－英文數位教學公開觀議課,非學分班,2023/12/04,2023/12/04,基隆市 國立基隆高中,基隆市暖暖區
4096255,[素養導向]光、影、生命及其他聲光影音素材融入國文教學,非學分班,2023/12/04,2023/12/04,新竹縣 縣立湖口高中,新竹縣湖　口
4109905,生涯講座-揮別霸凌，勇敢綻放亮眼未來!,非學分班 (校本研習),2023/12/04,2023/12/04,南投縣 國立竹山高中,南投縣竹　山
4111697,112-1 《學習扶助教材選用與教學策略暨科技化評量運用》工作坊,非學分班,2023/12/04,2023/12/04,高雄市 市立路竹高中,高雄市路竹區
4111968,自主學習節自然科公開觀課,非學分班,2023/12/04,2023/12/04,臺中市 私立葳格高中,臺中市北屯區
4112524,112學年度數位前導學校國文科數位融入教學研習,非學分班,2023/12/04,2023/12/04,彰化縣 國立溪湖高中,彰化縣溪　湖
4112675,112學年度上學期新社高中高中數位學習精進計畫跨校數位學習國語文領域公開課,非學分班,2023/12/04,2023/12/04,臺中市 市立新社高中,臺中市新社區
4114982,中山大學附中112-1優質化國光e起來社群──資訊素養增能研習： 資訊科技融入教學實務分享,非學分班,2023/12/04,2023/12/04,高雄市 國立中山大學附屬國光高中,高雄市楠梓區
課程代碼,研習名稱,性質,課程開始日期,課程結束日期,辦理研習單位,開課地點
4115843,APP INVERTER於教學使⽤分享,非學分班 (校本研習),2023/12/04,2023/12/04,桃園市 桃園市振聲高中,桃園市桃　園
4115956,3D列表機研習,非學分班 (校本研習),2023/12/04,2023/12/04,桃園市 桃園市振聲高中,桃園市桃　園
4116681,人文社會新式教學分享講座,非學分班,2023/12/04,2023/12/04,新竹縣 國立竹北高中,新竹縣竹　北
4118469,112學年高中高優B-1-1子計畫-苑裡山腳地區文學地景踏查,非學分班,2023/12/04,2023/12/04,苗栗縣 國立苑裡高中,苗栗縣苑　裡
4119354,媒體素養初探與實作-從〈石壕吏〉到新聞故事的書寫策略,非學分班 (校本研習),2023/12/04,2023/12/04,高雄市 私立正義高中,高雄市鳳山區
4122171,美食藝術:烘焙節慶版教師研習,非學分班,2023/12/04,2023/12/04,屏東縣 國立屏北高中,屏東縣鹽　埔
4124300,AR讓我的創作…-- 教學與藝術的科技結合,非學分班,2023/12/04,2023/12/04,嘉義市 國立嘉義高中,嘉義市嘉義市
4125232,國文混合題型掌握與教學精進,非學分班,2023/12/04,2023/12/04,屏東縣 國立潮州高中,屏東縣潮　州
4125245,美感沙龍講座「藝術美學與自我的調節—藝起來舒壓」,非學分班,2023/12/04,2023/12/04,新竹市 市立建功高中,新竹市新竹市
4126793,[素養導向]媒體識讀-AI可以取代記者嗎,非學分班,2023/12/04,2023/12/04,南投縣 國立竹山高中,南投縣竹　山
4129533,公開觀課實作演練I,非學分班,2023/12/04,2023/12/04,彰化縣 縣立彰化藝術高中,彰化縣彰　化
4024512,112-1自然科學探究與實作教材教法及命題系列工作坊四_北北基宜花東場,非學分班,2023/12/05,2023/12/05,臺北市 國立師大附中,臺北市大安區
4028189,六家科技中心【國中資科】Python程式語言基礎(一)教師增能研習,非學分班,2023/12/05,2023/12/05,新竹縣 縣立六家高級中學,新竹縣竹　北
4043609,英語文課程全英授課實施計畫—數位融入教學,非學分班,2023/12/05,2023/12/05,嘉義市 國立嘉義高中,嘉義市嘉義市
4046178,中山大學附中112-1優質化英文領域教師社群──青少年小說融入課程設計(以The Giver 為例),非學分班,2023/12/05,2023/12/05,高雄市 國立中山大學附屬國光高中,高雄市楠梓區
4047334,『英文繪本DIY』多元選修課程回顧與分享,非學分班,2023/12/05,2023/12/05,彰化縣 縣立和美高中,彰化縣和　美
4089787,皮革證件套手作工作坊,非學分班,2023/12/05,2023/12/05,桃園市 市立大溪高中,桃園市大　溪
4090026,自主學習節公開觀課,非學分班,2023/12/05,2023/12/05,宜蘭縣 國立宜蘭高中,宜蘭縣宜　蘭
4091842,觀光英語&英文寫作,非學分班,2023/12/05,2023/12/05,桃園市 市立大溪高中,桃園市大　溪
4094418,北一區輔導主任、組長、輔導教師及專業輔導人員在職訓練,非學分班,2023/12/05,2023/12/05,宜蘭縣 國立蘭陽女中,宜蘭縣宜　蘭
課程代碼,研習名稱,性質,課程開始日期,課程結束日期,辦理研習單位,開課地點
4094530,初階英語聽講練習--適當運用 #hashtag 關注國際議題,非學分班,2023/12/05,2023/12/05,南投縣 國立南投高中,南投縣南　投
4096145,112學年度第1學期運動課程：基礎墊上運動之3,非學分班 (校本研習),2023/12/05,2023/12/05,高雄市 市立六龜高中,高雄市六龜區
4109703,人聲即是戲:英語表達技巧,非學分班,2023/12/05,2023/12/05,彰化縣 縣立彰化藝術高中,彰化縣彰　化
4110550,【國中生科】生成式AI工具的應用 (科技教師),非學分班,2023/12/05,2023/12/05,新北市 市立錦和高中,新北市中和區
4112496,【教育部學生輔諮中心基隆高中112-1研習4-4】情緒取向治療（EFT）應用於青少年之輔導實務II,非學分班,2023/12/05,2023/12/05,基隆市 國立基隆高中,基隆市暖暖區
4112764,全英教學經驗分享,非學分班,2023/12/05,2023/12/05,高雄市 市立中正高中,高雄市苓雅區
4112800,酷英平台的聽說讀寫應用,非學分班,2023/12/05,2023/12/05,雲林縣 私立正心高中,雲林縣斗　六
4113315,英文科教師專業成長研習─英語教學的實用課堂活動,非學分班,2023/12/05,2023/12/05,臺中市 市立臺中女中,臺中市西　區
4113642,臺中市112學年度人工智慧融入國中國語文領域教學種子教師工作坊(三),非學分班,2023/12/05,2023/12/05,臺中市 市立清水高中,臺中市西屯區
4114983,[雙語教育]雙語教學實務分享,非學分班,2023/12/05,2023/12/05,臺南市 市立土城高中,臺南市安南區
4119393,主題閱讀 性別議題 互動中的性別,非學分班,2023/12/05,2023/12/05,新竹市 私立磐石高中,新竹市新竹市
4120490,112 年度新興科技教育遠距示範服務計畫FabLab-雷射雕刻真皮手機袋,非學分班,2023/12/05,2023/12/05,嘉義縣 國立東石高中,嘉義縣朴　子
4126799,密室逃脫/遊戲化教學融入音樂欣賞課程,非學分班,2023/12/05,2023/12/05,雲林縣 私立正心高中,雲林縣斗　六
4127374,嘉義縣立竹崎高級中學112學年度高中前導學校計畫-AI教學思維,非學分班,2023/12/05,2023/12/05,嘉義縣 縣立竹崎高中,嘉義縣竹　崎
3933164,[素養導向]高級中等學校新課綱東亞與中國單元新清史線上增能研習(一),非學分班,2023/12/06,2023/12/06,新北市 市立板橋高中,新北市板橋區
4016042,新世代工作AI溝通師(多元選修研習),非學分班,2023/12/06,2023/12/06,新北市 市立林口高中,新北市林口區
4025379,客家米食課程 研習,非學分班 (校本研習),2023/12/06,2023/12/06,桃園市 私立大華高中,桃園市楊　梅
4028068,[資訊非專]AI在教學上之應用,非學分班,2023/12/06,2023/12/06,桃園市 市立新屋高級中等學校,桃園市新　屋
4031257,[精進數位]A2數位學習工作坊(二),非學分班,2023/12/06,2023/12/06,臺南市 國立家齊高中,臺南市中西區
4043700,「2023臺中EDU-BUFFET課程博覽會」數位教學公開課：【D1】AI for Python,非學分班,2023/12/06,2023/12/06,臺中市 市立臺中二中,臺中市南　區
課程代碼,研習名稱,性質,課程開始日期,課程結束日期,辦理研習單位,開課地點
4045182,教育部國民及學前教育署補助高級中等學校 部分領域課程雙語教學計畫「雙語教學共備社群」-雙語課程實作設計與演示回饋1,非學分班,2023/12/06,2023/12/06,高雄市 市立仁武高中,高雄市仁武區
4045288,112學年度第一學期前鎮高中生命教育教師專業成長社群研習3,非學分班,2023/12/06,2023/12/06,高雄市 市立前鎮高中,高雄市前鎮區
4047918,永續小食堂課程共備與檢討,非學分班,2023/12/06,2023/12/06,彰化縣 縣立和美高中,彰化縣和　美
4048112,[SDGs]【SDGs】《認識新竹流域與公民行動故事》社會科研習,非學分班,2023/12/06,2023/12/06,新竹縣 縣立六家高級中學,新竹縣竹　北
4061764,數位素養-再探資訊科技融入教學,非學分班,2023/12/06,2023/12/06,新竹市 國立竹科實驗高級中等學校,新竹市新竹市
4062236,112學年度高中優質化活力適能教師研習,非學分班 (校本研習),2023/12/06,2023/12/06,臺南市 國立家齊高中,臺南市中西區
4089829,「圖書館閱讀推動教師計畫」教師共讀讀書會研習(第三場次),非學分班,2023/12/06,2023/12/06,屏東縣 縣立大同高中,屏東縣屏　東
4096204,在田野勤學這樣玩,非學分班,2023/12/06,2023/12/06,彰化縣 縣立成功高中,彰化縣溪　湖
4097685,教師增能研習：「雙閱讀素養」,非學分班,2023/12/06,2023/12/06,雲林縣 國立斗六高中,雲林縣斗　六
4114890,AIGC 生成式多媒體應用,非學分班,2023/12/06,2023/12/06,高雄市 國立中山大學附屬國光高中,高雄市楠梓區
4115016,嘉義市原教中心原住民族教育教材發表暨種子教師研習,非學分班,2023/12/06,2023/12/06,嘉義市 私立輔仁高中,嘉義市嘉義市
4115856,雙語教學,非學分班 (校本研習),2023/12/06,2023/12/06,桃園市 桃園市振聲高中,桃園市桃　園
4118278,國立屏北高中112-1教師專業之能研習「SD AI 設計師的好幫手」研習,非學分班,2023/12/06,2023/12/06,屏東縣 國立屏北高中,屏東縣鹽　埔
4120370,桃園市立觀音高中校內資訊研習(五),非學分班,2023/12/06,2023/12/06,桃園市 市立觀音高中,桃園市觀　音
4122076,生活科技「生活木作進階班」教學研習,非學分班,2023/12/06,2023/12/06,桃園市 市立龍潭高中,桃園市龍　潭
4122080,112均質化｢永｣動核心｢慶｣生活-校內核心訓練課程工作坊8,非學分班,2023/12/06,2023/12/06,嘉義縣 縣立永慶高中,嘉義縣太　保
4122136,本土語教學,非學分班 (校本研習),2023/12/06,2023/12/06,桃園市 桃園市振聲高中,桃園市桃　園
4124327,新式體適能漸速耐力折返跑,非學分班,2023/12/06,2023/12/06,臺中市 市立惠文高中,臺中市南屯區
4126689,[雙語教育]112學年度第一學期雙語教學共備增能工作坊(十一),非學分班,2023/12/06,2023/12/06,宜蘭縣 國立宜蘭高中,宜蘭縣宜　蘭
4127248,[精進數位]A2數位學習工作坊(二),非學分班,2023/12/06,2023/12/06,高雄市 市立高雄中學,高雄市三民區
課程代碼,研習名稱,性質,課程開始日期,課程結束日期,辦理研習單位,開課地點
4127333,OK啦!Chromebook教學超簡單 II !,非學分班,2023/12/06,2023/12/06,嘉義市 國立嘉義高中,嘉義市嘉義市
4127451,[素養導向]國家檔案局參訪,非學分班,2023/12/06,2023/12/06,新北市 市立安康高中,新北市新莊區
4128522,中正科技中心【國小資議】3D列印-鑰匙圈製作,非學分班,2023/12/06,2023/12/06,高雄市 市立中正高中,高雄市苓雅區
4130214,12學年度高中優質化輔助方案子計畫_D-2學校特色發展(選)計畫一高中部社會科-教學特色分享,非學分班,2023/12/06,2023/12/06,新竹市 市立建功高中,新竹市新竹市
3968487,112年臺中市優遊技職學～創意手作擴香石體驗,非學分班,2023/12/07,2023/12/07,臺中市 私立慈明高中,臺中市太平區
4024558,112-1自然科學探究與實作教材教法及命題系列工作坊四_桃竹苗場,非學分班,2023/12/07,2023/12/07,臺北市 國立師大附中,桃園市中　壢
4025277,甲蟲食物及夜觀昆蟲研習,非學分班 (校本研習),2023/12/07,2023/12/07,桃園市 私立大華高中,桃園市楊　梅
4029078,閱讀教學實務分享,非學分班,2023/12/07,2023/12/07,高雄市 市立瑞祥高中,高雄市前鎮區
4043753,[生科非專][竹崎科技中心]2-3日常科技產品的能 源與動力應用、材 料選用與加工處理 -以手搖手電筒為例,非學分班,2023/12/07,2023/12/07,嘉義縣 縣立竹崎高中,嘉義縣竹　崎
4047774,路竹科技中心&前峰科技中心&楠梓科技中心【媒體素養】媒體到底「搞」什麼？-監督媒體人人有責(線上研習),非學分班,2023/12/07,2023/12/07,高雄市 市立路竹高中,高雄市路竹區
4048049,[素養導向]112學年度社會領域跨科探究與實作教師增能工作坊-從文化資產保存看島嶼的當代發展,非學分班,2023/12/07,2023/12/07,臺南市 國立臺南一中,臺南市東　區
4087603,彰化縣112年情緒覺察與自殺防治入校發展共備課程(第三場次),非學分班,2023/12/07,2023/12/07,彰化縣 縣立田中高中,彰化縣田　中
4089782,風力發電真好玩,非學分班,2023/12/07,2023/12/07,桃園市 市立大溪高中,桃園市大　溪
4108620,路竹科技中心夥伴學校教師社群研習【國中生科】雷切造型筆筒,非學分班,2023/12/07,2023/12/07,高雄市 市立路竹高中,高雄市永安區
4109677,社會科專業社群分享｜友善環境-認識公平貿易與綠色生產的關係,非學分班,2023/12/07,2023/12/07,彰化縣 國立員林高中,彰化縣田　中
4110695,111學年優質化高中輔助方案「B-2自然科跨科社群」計畫-「自然探究實作課程研發技巧」(二),非學分班,2023/12/07,2023/12/07,苗栗縣 國立苑裡高中,苗栗縣苑　裡
4111711,112-1 探究科學教育社群教師工作坊<聊茶.品茶>工作坊,非學分班,2023/12/07,2023/12/07,高雄市 市立路竹高中,高雄市路竹區
4111736,112-1 【大崗山地理與在地產業、飲食文化之考察】工作坊,非學分班,2023/12/07,2023/12/07,高雄市 市立路竹高中,高雄市路竹區
4111873,人工智慧工具融入國、高中教學現場的應用（延和場次）,非學分班,2023/12/07,2023/12/07,南投縣 國立竹山高中,南投縣竹　山
4113433,[雙語教育]雙語歷史的實踐之旅,非學分班,2023/12/07,2023/12/07,高雄市 市立福誠高中,高雄市鳳山區
課程代碼,研習名稱,性質,課程開始日期,課程結束日期,辦理研習單位,開課地點
4113717,112年度強化數位教學暨學習資訊應用環境計畫｜教師資訊科技增能(生成式AI的認識),非學分班,2023/12/07,2023/12/07,臺東縣 臺東縣均一高中,臺東縣臺　東
4115801,正念教育4,非學分班,2023/12/07,2023/12/07,彰化縣 縣立彰化藝術高中,彰化縣彰　化
4117289,[精進數位]用AI繪製個人LINE貼圖,非學分班 (校本研習),2023/12/07,2023/12/07,高雄市 市立三民高中,高雄市三民區
4122364,[雙語教育]桌遊融入課堂雙語教學之應用,非學分班,2023/12/07,2023/12/07,新竹縣 縣立六家高級中學,新竹縣竹　北
4125412,臺中市112學年度人工智慧融入國中藝術領域教學種子教師工作坊(三),非學分班,2023/12/07,2023/12/07,臺中市 市立清水高中,臺中市西屯區
4127414,自主學習成果撰寫技巧,非學分班,2023/12/07,2023/12/07,新竹縣 國立竹北高中,新竹縣竹　北
3980079,[初階回饋]教師研習工作坊(7),非學分班 (校本研習),2023/12/08,2023/12/08,高雄市 私立大榮高中,高雄市鼓山區
4002554,輔導教師成長團體實施計畫-團體督導,非學分班,2023/12/08,2023/12/08,高雄市 市立仁武高中,高雄市仁武區
4028061,[資訊非專]數位自主學習,非學分班,2023/12/08,2023/12/08,桃園市 市立新屋高級中等學校,桃園市新　屋
4049386,GOXR線上藝廊分享,非學分班,2023/12/08,2023/12/08,彰化縣 縣立彰化藝術高中,彰化縣彰　化
4061278,中山大學附中112-1優質化專題in joy社群──實驗研究法,非學分班,2023/12/08,2023/12/08,高雄市 國立中山大學附屬國光高中,高雄市楠梓區
4073292,112學年度臺中市優遊技職學探究與實作研習(僑泰高中機械科-聲控旋轉木馬),非學分班,2023/12/08,2023/12/08,臺中市 私立僑泰高中,臺中市大里區
4093143,實境遊戲初階研習,非學分班,2023/12/08,2023/12/08,新竹縣 國立竹東高中,新竹縣竹　東
4096062,認輔教師研習(二)：生涯陪伴-以藝術模式為例(和諧粉彩),非學分班,2023/12/08,2023/12/08,高雄市 市立楠梓高中,高雄市楠梓區
4113637,[性平教育]性別平等融入課程,非學分班,2023/12/08,2023/12/08,連江縣 國立馬祖高中,連江縣南　竿
4113647,[家庭教育]112學年度推動生涯發展教育暨親職教育講座【看見情緒背後的訊息–青少年溝通策略】,非學分班,2023/12/08,2023/12/08,雲林縣 縣立蔦松藝術高中,雲林縣水　林
4127299,112年度專業輔導人員暨輔導教師團督研習--與邊緣、善變、自戀、反社會人格及完美主義的青少年工作策略,非學分班,2023/12/08,2023/12/08,新竹市 國立新竹女中,新竹市新竹市
4026508,週六通識講座-從桌遊設計、數學競賽到機率統計,非學分班,2023/12/09,2023/12/09,臺中市 市立臺中一中,臺中市北　區
4031368,[媒體素養]AI學習於課程的運用及素養,非學分班 (校本研習),2023/12/09,2023/12/09,臺東縣 縣立蘭嶼高中,臺東縣蘭　嶼
4047884,專業工作坊（督導繼續教育） 「自我覺察督導模式之團體督導」,非學分班,2023/12/09,2023/12/10,桃園市 市立壽山高中,臺北市大安區
課程代碼,研習名稱,性質,課程開始日期,課程結束日期,辦理研習單位,開課地點
4062193,遊戲化教學設計與機制應用(二),非學分班,2023/12/09,2023/12/09,新竹縣 縣立六家高級中學,新竹縣竹　北
4109476,宜蘭大學無人機術科考試流程示範教學,非學分班,2023/12/09,2023/12/09,宜蘭縣 國立羅東高中,宜蘭縣羅　東
4110567,【國中生科】機構結構應用-會動的風景畫(一) (科技教師),非學分班,2023/12/09,2023/12/09,新北市 市立錦和高中,新北市中和區
4117189,用社會資源撐起 PBL 課程實務教學,非學分班,2023/12/09,2023/12/09,新竹縣 國立竹東高中,新竹縣竹　北
4119068,[素養導向]誰都可能呼攏你，但是數學不會！,非學分班,2023/12/09,2023/12/09,臺南市 市立大灣高中,臺南市永康區
4126858,新興高中112學年度第1學期均質化112-3特色跨越「新」探索，技職教育「興」視野計畫─「金工創意設計美感行銷」,非學分班,2023/12/09,2023/12/09,桃園市 桃園市新興高中,新北市新店區
4128526,[資訊非專]Wordwall讓課堂更有趣！,非學分班 (校本研習),2023/12/09,2023/12/09,臺東縣 縣立蘭嶼高中,臺東縣蘭　嶼
4128578,中正科技中心【國中資科】智慧農業-魚菜共生與物聯網,非學分班,2023/12/09,2023/12/09,高雄市 市立中正高中,高雄市苓雅區
4016491,[素養導向]資訊融入教學研習暨工作坊（三）,非學分班,2023/12/11,2023/12/11,臺南市 國立臺南女中,臺南市中西區
4023065,桌遊配件的木工實作,非學分班,2023/12/11,2023/12/11,桃園市 市立大溪高中,桃園市大　溪
4043715,「2023臺中EDU-BUFFET課程博覽會」數位教學公開課：【D5】SDGs融入高一核心課程工程設計實作探究-空氣火箭,非學分班,2023/12/11,2023/12/11,臺中市 市立臺中二中,臺中市北　區
4076944,[領綱宣導]112-1國中健體領域體育公開觀課研習,非學分班,2023/12/11,2023/12/13,高雄市 市立新興高中,高雄市新興區
4114996,[素養導向]生成式 AI 應用課程,非學分班,2023/12/11,2023/12/11,臺東縣 國立臺東高中,臺東縣臺　東
4116010,[素養導向]引導學生參加「外交小尖兵」的甘苦談,非學分班 (校本研習),2023/12/11,2023/12/11,桃園市 桃園市振聲高中,桃園市桃　園
4120382,[素養導向]人權議題X議題式桌遊-校園目擊者,非學分班,2023/12/11,2023/12/11,彰化縣 國立彰化女中,彰化縣彰　化
4125493,八大主題分享會-人權教育主題第二次分享會,非學分班,2023/12/11,2023/12/11,臺南市 財團法人聖功女中,臺南市北　區
4130022,閱讀櫥窗設計與實作,非學分班,2023/12/11,2023/12/11,臺中市 私立新民高中,臺中市北　區
3879956,即興劇場工作坊【CLASS-4 注音限制大挑戰】,非學分班,2023/12/12,2023/12/12,桃園市 市立壽山高中,桃園市龜　山
4043704,「2023臺中EDU-BUFFET課程博覽會」數位教學公開課：【D2】透視與陰影,非學分班,2023/12/12,2023/12/12,臺中市 市立臺中二中,臺中市南　區
4045058,專題製作指導分享,非學分班,2023/12/12,2023/12/12,臺南市 國立新豐高中,臺南市歸仁區
課程代碼,研習名稱,性質,課程開始日期,課程結束日期,辦理研習單位,開課地點
4045158,走讀河西,非學分班,2023/12/12,2023/12/12,桃園市 市立大溪高中,桃園市大　溪
4047346,國立羅東高中CPR及AED教育訓練,非學分班 (校本研習),2023/12/12,2023/12/12,宜蘭縣 國立羅東高中,宜蘭縣羅　東
4061678,Lets SDGs: Doers party,非學分班,2023/12/12,2023/12/12,臺中市 市立惠文高中,臺中市南屯區
4110611,國立鳳山高中優質化112學年度第一學期英文科專業社群(2) 利用數位科技來協助多語言閱讀,非學分班 (校本研習),2023/12/12,2023/12/12,高雄市 國立鳳山高中,高雄市鳳山區
4126587,AI輔助英語教材編製實務操作,非學分班,2023/12/12,2023/12/12,南投縣 國立竹山高中,南投縣竹　山
4126770,112-1英文科-素養命題研討,非學分班 (校本研習),2023/12/12,2023/12/12,臺中市 私立曉明女中,臺中市北　區
4015084,112學年第一學期第三次導師事務研習,非學分班 (校本研習),2023/12/13,2023/12/13,新竹縣 國立竹北高中,新竹縣竹　北
4020310,112學年度第1學期觀課議課-普高英文文法第三章假設語氣,非學分班,2023/12/13,2023/12/13,桃園市 桃園市治平高中,桃園市楊　梅
4022175,作家有約-報導文學講座,非學分班,2023/12/13,2023/12/13,宜蘭縣 國立羅東高中,宜蘭縣羅　東
4031278,慢漫舒壓手工皂(二),非學分班,2023/12/13,2023/12/13,新竹市 國立竹科實驗高級中等學校,新竹市新竹市
4031326,穩定情緒，趕走壓力小惡魔-認識身體裡的小房間,非學分班,2023/12/13,2023/12/13,新竹市 國立竹科實驗高級中等學校,新竹市新竹市
4031383,[素養導向]數學教學增能-從整理教具室做起 熟悉教具室內的數學教具,非學分班,2023/12/13,2023/12/13,新竹市 國立竹科實驗高級中等學校,新竹市新竹市
4045191,教育部國民及學前教育署補助高級中等學校 部分領域課程雙語教學計畫「雙語教學共備社群」-112學年度雙語教學教師分享,非學分班,2023/12/13,2023/12/13,高雄市 市立仁武高中,高雄市仁武區
4061715,【國小科議】手搖電刷車(科技教師),非學分班,2023/12/13,2023/12/13,新北市 市立錦和高中,新北市中和區
4073286,[素養導向]112-10「深耕在地˙永續共好計畫」食農教育特色課程研習(第五場次),非學分班,2023/12/13,2023/12/13,高雄市 財團法人普門中學,高雄市大樹區
4073547,中正科技中心【國小科議】夥伴學校社群研習-撲翼機曲軸運動機關(福康國小),非學分班,2023/12/13,2023/12/13,高雄市 市立中正高中,高雄市苓雅區
4096490,[素養導向]初探網路自媒體及短影片之社會影響,非學分班,2023/12/13,2023/12/13,新北市 市立板橋高中,新北市板橋區
4109412,112學年度高級中等學校適性學習社區教育資源均質化實施方案--112-2-1美術科與英文科多元課程教學典範分享計畫,非學分班,2023/12/13,2023/12/13,苗栗縣 私立建臺高中,苗栗縣苗　栗
4109578,本土語文教育增能研習(二),非學分班,2023/12/13,2023/12/13,臺中市 市立臺中一中,臺中市北　區
4112000,"用 ICT UP 你的學""數""力",非學分班,2023/12/13,2023/12/13,桃園市 市立桃園高中,桃園市桃　園
課程代碼,研習名稱,性質,課程開始日期,課程結束日期,辦理研習單位,開課地點
4112425,[精進數位]A1數位學習工作坊(一)-實體課程,非學分班,2023/12/13,2023/12/13,雲林縣 國立斗六高中,雲林縣斗　六
4113394,【資訊素養】數位教學課程設計與實施--自然科為例,非學分班,2023/12/13,2023/12/13,南投縣 私立弘明實驗高中,南投縣名　間
4115867,資訊素養與倫理教育,非學分班 (校本研習),2023/12/13,2023/12/13,桃園市 桃園市振聲高中,桃園市桃　園
4117200,[素養導向]媒體識讀與國際關係,非學分班,2023/12/13,2023/12/13,新竹縣 國立竹北高中,新竹縣竹　北
4122082,112均質化｢永｣動核心｢慶｣生活-校內核心訓練課程工作坊9,非學分班,2023/12/13,2023/12/13,嘉義縣 縣立永慶高中,嘉義縣太　保
4124398,雙語教師專業社群成長多益研習(六),非學分班,2023/12/13,2023/12/13,臺中市 私立新民高中,臺中市北　區
4126692,[雙語教育]112學年度第一學期雙語教學共備增能工作坊(十二),非學分班,2023/12/13,2023/12/13,宜蘭縣 國立宜蘭高中,宜蘭縣宜　蘭
4126761,112-1生命教育科-價值思辨與學生理解力的教與學,非學分班 (校本研習),2023/12/13,2023/12/13,臺中市 私立曉明女中,臺中市北　區
3968491,112年臺中市優遊技職學～健康養生蔬食,非學分班,2023/12/14,2023/12/14,臺中市 私立慈明高中,臺中市太平區
4016473,自然科探究與實作-<心率><數據分析>單元課程設計與實施研習,非學分班,2023/12/14,2023/12/14,臺中市 市立惠文高中,臺中市南屯區
4019992,[素養導向]〔山野教育〕時代下的句點-K2,非學分班,2023/12/14,2023/12/14,南投縣 縣立旭光高中,南投縣草　屯
4020083,[素養導向]112年台南市輔導團提問工作坊,非學分班,2023/12/14,2023/12/14,臺南市 市立大灣高中,臺南市永康區
4023017,[素養導向]112學年度自然探究與實作教材教法工作坊─探究與實作的數據分析—推論統計2(高屏雙東),非學分班,2023/12/14,2023/12/14,臺南市 國立臺南一中,臺南市東　區
4023022,[素養導向]112學年度自然探究與實作教材教法工作坊─探究與實作的數據分析—推論統計2(雲嘉南),非學分班,2023/12/14,2023/12/14,臺南市 國立臺南一中,臺南市東　區
4024589,112-1自然科學探究與實作教材教法及命題系列工作坊四_中彰投場,非學分班,2023/12/14,2023/12/14,臺北市 國立師大附中,彰化縣田　中
4031162,引導式沙盤-CBT遊戲治療,非學分班,2023/12/14,2023/12/14,新竹縣 縣立六家高級中學,新竹縣竹　北
4075995,桃園市立觀音高中112學年度第1學期自主學習高一教師增能研習(二),非學分班,2023/12/14,2023/12/14,桃園市 市立觀音高中,桃園市觀　音
4076508,[領綱宣導]112-1高中國文公開觀課研習,非學分班,2023/12/14,2023/12/15,高雄市 市立新興高中,高雄市新興區
4087605,彰化縣112年情緒覺察與自殺防治入校發展共備課程(第四場次),非學分班,2023/12/14,2023/12/14,彰化縣 縣立田中高中,彰化縣田　中
4090002,112年度英文科社群共備(八),非學分班,2023/12/14,2023/12/14,宜蘭縣 國立宜蘭高中,宜蘭縣宜　蘭
課程代碼,研習名稱,性質,課程開始日期,課程結束日期,辦理研習單位,開課地點
4096017,無國界的醫生,非學分班,2023/12/14,2023/12/14,彰化縣 縣立和美高中,彰化縣和　美
4108612,路竹科技中心夥伴學校教師社群研習【國中生科】雷切紙雕,非學分班,2023/12/14,2023/12/14,高雄市 市立路竹高中,高雄市彌陀區
4108905,112學年度第1學期運動及營養相關課程：柔道防摔防身教學,非學分班 (校本研習),2023/12/14,2023/12/14,高雄市 市立六龜高中,高雄市六龜區
4110419,東港高中112學年度活化教學計劃--子計畫一推動教師實踐自主活化教學,非學分班 (種子研習),2023/12/14,2023/12/14,屏東縣 縣立東港高中,屏東縣東　港
4112738,【竹崎科技中心】「國小資議」─程控機器人入門(LEGO EV3 Education),非學分班,2023/12/14,2023/12/14,嘉義縣 縣立竹崎高中,嘉義縣竹　崎
4113616,數位科技融入社會科教學,非學分班,2023/12/14,2023/12/14,臺南市 財團法人慈濟高中,臺南市安平區
4113720,112年度強化數位教學暨學習資訊應用環境計畫｜教師資訊科技增能(跨領域-科技&教育&生活),非學分班,2023/12/14,2023/12/14,臺東縣 臺東縣均一高中,臺東縣臺　東
4115885,資訊素養與倫理教育,非學分班 (校本研習),2023/12/14,2023/12/14,桃園市 桃園市振聲高中,桃園市桃　園
4119307,山野夢想GO課程系列活動(一)山林教會我的事,非學分班,2023/12/14,2023/12/14,高雄市 市立左營高中,高雄市左營區
3967542,桃園市112學年度第1學期高中輔導教師專業團體督導研習(第3場),非學分班,2023/12/15,2023/12/15,桃園市 市立大溪高中,桃園市平　鎮
3971362,112學年度臺中市優遊技職學探究與實作研習,非學分班,2023/12/15,2023/12/15,臺中市 私立致用高中,臺中市大甲區
4043713,「2023臺中EDU-BUFFET課程博覽會」數位教學公開課：【D4】愛自拍,非學分班,2023/12/15,2023/12/15,臺中市 市立臺中二中,臺中市梧棲區
4046126,112學年度第1學期觀課議課-技高國文,非學分班,2023/12/15,2023/12/15,桃園市 桃園市治平高中,桃園市楊　梅
4097785,客語常用語與諺語,非學分班,2023/12/15,2023/12/15,新竹縣 國立竹北高中,新竹縣竹　北
4110407,112學年度雙語課程教學規劃「雙語數學課程設計」,非學分班,2023/12/15,2023/12/15,臺中市 市立清水高中,臺中市清水區
4113621,[雙語教育]生活科技雙語課程設計 (雙語計畫),非學分班,2023/12/15,2023/12/15,彰化縣 縣立田中高中,彰化縣田　中
4115897,[教學輔導]112學年度輔導增能研習-「夢境探索」,非學分班,2023/12/15,2023/12/15,臺中市 市立忠明高中,臺中市西　區
4118380,[素養導向]素養導向的教學實務,非學分班,2023/12/15,2023/12/15,嘉義縣 國立新港藝術高中,嘉義縣新　港
4119443,[領綱素養]【領綱素養】金獎亮點課程《PBL-我的中山幸福提案》共備經驗分享研習,非學分班,2023/12/15,2023/12/15,新竹縣 縣立六家高級中學,新竹縣竹　北
4122144,[素養導向]「大學招生專業化與學習歷程檔案審查實務分享」講座,非學分班,2023/12/15,2023/12/15,雲林縣 國立斗六高中,雲林縣斗　六
課程代碼,研習名稱,性質,課程開始日期,課程結束日期,辦理研習單位,開課地點
4122369,資訊安全與數理邏輯跨領域實作工作坊(七),非學分班,2023/12/15,2023/12/15,臺南市 國立臺南一中,臺南市東　區
4126496,初級鳥知識,非學分班,2023/12/15,2023/12/15,臺南市 財團法人慈濟高中,臺南市安平區
4062519,從經典名著看世界-教學與課程設計工作坊(三),非學分班,2023/12/16,2023/12/17,彰化縣 縣立彰化藝術高中,彰化縣彰　化
4108916,摺紙與多方塊積木組木在數學教學上的應用,非學分班,2023/12/16,2023/12/16,臺南市 私立德光高中,臺南市東　區
4110571,【國中生科】機構結構應用-會動的風景畫(二) (科技教師),非學分班,2023/12/16,2023/12/16,新北市 市立錦和高中,新北市中和區
4116063,資料結構與演算法，使用Python,非學分班,2023/12/16,2023/12/16,高雄市 市立高雄中學,高雄市三民區
4118303,[素養導向]日曆魔方轉轉轉,非學分班 (校本研習),2023/12/16,2023/12/16,高雄市 市立三民高中,高雄市三民區
4118401,AIGC(生成式人工智慧)工作坊,非學分班,2023/12/16,2023/12/16,宜蘭縣 國立羅東高中,宜蘭縣羅　東
4031159,用繪本談SDGs性別平等,非學分班,2023/12/18,2023/12/18,金門縣 國立金門高中,金門縣金　城
4047301,高三專題加深加廣：運用精神分析理論讀張愛玲小說,非學分班 (校本研習),2023/12/18,2023/12/18,彰化縣 縣立和美高中,彰化縣和　美
4076344,[領綱宣導]112-1國中國文公開觀課研習,非學分班,2023/12/18,2023/12/20,高雄市 市立新興高中,高雄市新興區
4092232,[雙語教育]Effective Communication Skills: Talk like TED,非學分班,2023/12/18,2023/12/18,新竹市 國立竹科實驗高級中等學校,臺中市北　區
4113747,數位前導計畫「Canva使用教學及課堂應用實例」教師專業知能研習,非學分班,2023/12/18,2023/12/18,新北市 私立徐匯高中,新北市蘆洲區
4118471,112學年高中均質化計畫B112-3子計畫-「百年苑裡市場及郭芝苑故居文學地景踏查」,非學分班,2023/12/18,2023/12/18,苗栗縣 國立苑裡高中,苗栗縣苑　裡
4127204,國立鳳山高中優質化112學年度第一學期國文科專業社群(1) 從原子習慣建立的讀寫策略。,非學分班 (校本研習),2023/12/18,2023/12/18,高雄市 國立鳳山高中,高雄市鳳山區
4011140,[領綱素養]全英語教學：從簡化課室英語到鷹架搭建,非學分班,2023/12/19,2023/12/19,高雄市 市立三民高中,高雄市三民區
4028192,六家科技中心【國中資科】Python程式語言基礎(二)教師增能研習,非學分班,2023/12/19,2023/12/19,新竹縣 縣立六家高級中學,新竹縣竹　北
4030225,高中均質化數位融入SDGs教師增能研習系列工作坊(二)－DFC學習法應用SDGs行動方案設計,非學分班,2023/12/19,2023/12/19,新竹市 私立曙光女中,新竹市新竹市
4043742,【均質化跨校社群】用AI工具翻轉數位影音剪輯-ChatGPT與Vrew,非學分班,2023/12/19,2023/12/19,高雄市 市立新莊高中,高雄市左營區
4044071,教育部國民及學前教育署補助高級中等學校英語文課程全英語授課計畫「跨校共備社群」-學期末討論檢討教學策略,非學分班,2023/12/19,2023/12/19,高雄市 市立仁武高中,高雄市左營區
課程代碼,研習名稱,性質,課程開始日期,課程結束日期,辦理研習單位,開課地點
4096147,112學年度第1學期運動課程：基礎墊上運動之4,非學分班 (校本研習),2023/12/19,2023/12/19,高雄市 市立六龜高中,高雄市六龜區
4096425,2023臺中EDU-BUFFET課程博覽會大師論D報名(線上參與),非學分班,2023/12/19,2023/12/19,臺中市 市立惠文高中,臺中市南屯區
4096427,2023臺中EDU-BUFFET課程博覽會大師論D報名(實體參與),非學分班,2023/12/19,2023/12/19,臺中市 市立惠文高中,臺中市南屯區
4115754,[教學輔導]少年漫話-男性青少年性別表達講座,非學分班,2023/12/19,2023/12/19,新竹市 市立香山高中,新竹市新竹市
4122204,美食藝術-春節年菜版教師研習,非學分班,2023/12/19,2023/12/19,屏東縣 國立屏北高中,屏東縣鹽　埔
4124189,[精進數位]A2數位研習工作坊（二）,非學分班,2023/12/19,2023/12/19,雲林縣 縣立麥寮高中,雲林縣麥　寮
4126755,112-1英文科-數位工具融入教學,非學分班 (校本研習),2023/12/19,2023/12/19,臺中市 私立曉明女中,臺中市北　區
4127359,[雙語教育]雙語融入音樂密室逃脫,非學分班,2023/12/19,2023/12/19,新竹縣 縣立六家高級中學,新竹縣竹　北
4128484,[雙語教育]112學年度-「雙語水彩技法 Wet-on-wet technique applied in landscape painting」公開觀議課,非學分班,2023/12/19,2023/12/19,臺中市 市立文華高中,臺中市西屯區
4128576,113學年度基北區高級中等學校免試入學國九學生第一次志願模擬選填系統操作說明研習,非學分班,2023/12/19,2023/12/19,新北市 市立中和高中,新北市中和區
4043693,[素養導向]基隆區素養導向暨教育遊戲化教學工作坊(六)~~金融戰略王桌遊在教學的應用,非學分班,2023/12/20,2023/12/20,基隆市 市立八斗高中,基隆市信義區
4045083,[素養導向]112-1學習歷程檔案與課程學習成果講座-桃竹苗場1,非學分班,2023/12/20,2023/12/20,臺北市 國立師大附中,新竹市新竹市
4045198,教育部國民及學前教育署補助高級中等學校 部分領域課程雙語教學計畫「雙語教學共備社群」-112學年度雙語教學教師分享,非學分班,2023/12/20,2023/12/20,高雄市 市立仁武高中,高雄市仁武區
4062269,112均質化｢永｣動核心｢慶｣生活-校內核心訓練課程工作坊-核心訓練訓練二,非學分班,2023/12/20,2023/12/20,嘉義縣 縣立永慶高中,嘉義縣太　保
4073727,112-1高優計畫-國文科教師增能-混合題命製與教學,非學分班 (校本研習),2023/12/20,2023/12/20,臺南市 國立南科國際實驗高中,臺南市新市區
4113400,【資訊素養】LoiLoNote 簡介與教學應用,非學分班,2023/12/20,2023/12/20,南投縣 私立弘明實驗高中,南投縣名　間
4114884,Notion 雲端筆記本,非學分班,2023/12/20,2023/12/20,高雄市 國立中山大學附屬國光高中,高雄市楠梓區
4117041,112學年度第一學期高中優質化 B-3導師專業社群「同心協力」研習第三場,非學分班,2023/12/20,2023/12/20,屏東縣 縣立大同高中,屏東縣屏　東
4119370,112-1 數學科第二次PLC,非學分班 (校本研習),2023/12/20,2023/12/20,臺中市 私立衛道高中,臺中市北屯區
4119371,112-1 數學科第三次PLC,非學分班 (校本研習),2023/12/20,2023/12/20,臺中市 私立衛道高中,臺中市北屯區
課程代碼,研習名稱,性質,課程開始日期,課程結束日期,辦理研習單位,開課地點
4120493,想像未來的台灣媒體：媒體素養與資訊識讀術,非學分班,2023/12/20,2023/12/20,新竹縣 國立竹東高中,新竹縣竹　東
4126690,[雙語教育]112學年度第一學期雙語教學共備增能工作坊(十三),非學分班,2023/12/20,2023/12/20,宜蘭縣 國立宜蘭高中,宜蘭縣宜　蘭
4014776,教學吸睛：注意力教學設計原則，活動吸睛的語法心法,非學分班,2023/12/21,2023/12/21,桃園市 市立大溪高中,桃園市大　溪
4019454,[素養導向]核心種子共備-自然領域課程發展中心跨校教師共備計畫(四),非學分班 (種子研習),2023/12/21,2023/12/21,新北市 市立新北高中,新北市三重區
4090004,112年度英文科社群共備(九),非學分班,2023/12/21,2023/12/21,宜蘭縣 國立宜蘭高中,宜蘭縣宜　蘭
4112794,112學年度課程計畫擬定、教師及行政人員 撰寫說明增能工作坊,非學分班,2023/12/21,2023/12/21,嘉義縣 縣立竹崎高中,嘉義縣竹　崎
4113721,112年度強化數位教學暨學習資訊應用環境計畫｜教師資訊科技增能(跨領域-AI科技&學科&美感),非學分班,2023/12/21,2023/12/21,臺東縣 臺東縣均一高中,臺東縣臺　東
4118385,[領綱素養]區域聯盟研習,非學分班,2023/12/21,2023/12/21,桃園市 市立內壢高中,桃園市中　壢
4122292,英文戲劇研習:外聘專家指導學生戲劇表演研習活動3,非學分班,2023/12/21,2023/12/21,桃園市 私立大華高中,桃園市楊　梅
4126812,正念教育5,非學分班,2023/12/21,2023/12/21,彰化縣 縣立彰化藝術高中,彰化縣彰　化
4128579,中正科技中心【國小科議】發泡材料切割器設計&氣流滑翔飛機,非學分班,2023/12/21,2023/12/21,高雄市 市立中正高中,高雄市苓雅區
4129907,[雙語教育]我如何從部落到國際彩妝大師語言的助力與阻力,非學分班,2023/12/21,2023/12/21,南投縣 縣立旭光高中,南投縣草　屯
4130171,[媒體素養]資訊融入教學系列增能工作坊—如何因應學生濫用AI,非學分班,2023/12/21,2023/12/21,新竹市 市立建功高中,新竹市新竹市
3980081,[初階回饋]教師研習工作坊(8),非學分班 (校本研習),2023/12/22,2023/12/22,高雄市 私立大榮高中,高雄市鼓山區
4002609,輔導教師成長團體實施計畫-個別督導,非學分班,2023/12/22,2023/12/22,高雄市 市立仁武高中,高雄市仁武區
4016434,Notion雲端筆記學習系列4-科技午餐會,非學分班,2023/12/22,2023/12/22,高雄市 國立旗美高中,高雄市旗山區
4026970,[素養導向]《忽必烈與獵豹：八百年來的中國與世界》第二次共備讀書會 7-13章,非學分班,2023/12/22,2023/12/22,臺南市 市立南寧高中,臺南市南　區
4027960,國教署輔諮中心臺東區駐點學校112年度三級個案教師輔導知能研習-輔導教師專業團體督導(4),非學分班,2023/12/22,2023/12/22,臺東縣 國立臺東高中,臺東縣臺　東
4050388,教師輔導知能研習 : 以正念修復師生關係中的 耗能並自我照顧,非學分班,2023/12/22,2023/12/22,臺南市 國立新豐高中,臺南市歸仁區
4096094,112-1-子計畫C-3校際交流計畫-群策群力跨校共備增能研習-生涯講座,非學分班,2023/12/22,2023/12/22,新竹市 市立建功高中,新竹市新竹市
課程代碼,研習名稱,性質,課程開始日期,課程結束日期,辦理研習單位,開課地點
4110578,112年度友善校園學生事務與輔導工作-『表創性藝術治療於人際團體輔導上的應用』(1),非學分班,2023/12/22,2023/12/29,高雄市 市立前鎮高中,高雄市前鎮區
4114981,會考學習診斷與教學轉化-作文與評量新思維 (國文領域),非學分班,2023/12/22,2023/12/22,彰化縣 縣立田中高中,彰化縣田　中
4120336,資訊與科技時代下的小論文寫作,非學分班,2023/12/22,2023/12/22,臺南市 國立新豐高中,臺南市歸仁區
4125440,[教學輔導]IB數學教學實務分享與交流：新加坡與台灣的美好相遇,非學分班,2023/12/22,2023/12/22,桃園市 市立大園國際高中,桃園市大　園
4126781,繪本教材在SDGs議題教學之應用,非學分班,2023/12/22,2023/12/22,臺南市 臺南市光華高中,臺南市東　區
4026510,週六通識講座-臺灣，乘風而起,非學分班,2023/12/23,2023/12/23,臺中市 市立臺中一中,臺中市北　區
4061727,【國中資科】Cospaces遊戲設計(一)(科技教師),非學分班,2023/12/23,2023/12/23,新北市 市立錦和高中,新北市中和區
4061731,【國中資科】Cospaces遊戲設計(二)(科技教師),非學分班,2023/12/23,2023/12/23,新北市 市立錦和高中,新北市中和區
4108638,班級經營與戶外教育,非學分班,2023/12/23,2023/12/23,南投縣 縣立旭光高中,南投縣草　屯
4108925,從國際視野看AI時代閱讀新趨勢： 丹鳳高中閱讀聚場7.0 國際閱讀教師共備研習,非學分班,2023/12/23,2023/12/24,新北市 市立丹鳳高中,新北市新莊區
4118299,校園中的戶外課程,非學分班,2023/12/23,2023/12/24,基隆市 國立基隆女中,基隆市信義區
3928782,《桌遊議術施》讀書會(二),非學分班,2023/12/25,2023/12/25,桃園市 市立大溪高中,桃園市大　溪
4016507,[素養導向]資訊融入教學研習（三）,非學分班,2023/12/25,2023/12/25,臺南市 國立臺南女中,臺南市中西區
4028898,[素養導向]2023 英文學思達共備研習—學思達教師實踐分享,非學分班,2023/12/25,2023/12/25,臺北市 臺北市立中山女子高級中學,臺中市南　區
4005108,[素養導向]學測英文寫作批改看我的,非學分班,2023/12/26,2023/12/26,新竹縣 縣立湖口高中,新竹縣湖　口
4024513,112-1自然科學探究與實作教材教法及命題系列工作坊五_北北基宜花東場,非學分班,2023/12/26,2023/12/26,臺北市 國立師大附中,臺北市大安區
4028196,六家科技中心【國中資科】Python程式語言基礎(三)教師增能研習,非學分班,2023/12/26,2023/12/26,新竹縣 縣立六家高級中學,新竹縣竹　北
4043697,[素養導向]基隆區素養導向暨教育遊戲化教學工作坊(七)~~遊戲化教學活動設計,非學分班,2023/12/26,2023/12/26,基隆市 市立八斗高中,基隆市信義區
4118387,[素養導向]水栗會未來100在地學講座,非學分班,2023/12/26,2023/12/26,苗栗縣 國立苑裡高中,苗栗縣苗　栗
4008512,生命教育多元評量112嘉年華,非學分班 (校本研習),2023/12/27,2023/12/27,桃園市 桃園市振聲高中,桃園市桃　園
課程代碼,研習名稱,性質,課程開始日期,課程結束日期,辦理研習單位,開課地點
4031335,穩定情緒，趕走壓力小惡魔-自我調適與情緒釋放,非學分班,2023/12/27,2023/12/27,新竹市 國立竹科實驗高級中等學校,新竹市新竹市
4031381,[素養導向]數學教學增能-從整理教具室做起 討論數學教具在課堂中的使用方式Part2,非學分班,2023/12/27,2023/12/27,新竹市 國立竹科實驗高級中等學校,新竹市新竹市
4045202,教育部國民及學前教育署補助高級中等學校 部分領域課程雙語教學計畫「雙語教學共備社群」-112學年度雙語教學教師分享,非學分班,2023/12/27,2023/12/27,高雄市 市立仁武高中,高雄市仁武區
4076904,漫畫繪文學-一桿稱仔的創作歷程,非學分班,2023/12/27,2023/12/27,宜蘭縣 國立宜蘭高中,宜蘭縣宜　蘭
4077112,[領綱宣導]112-1高中國文公開觀課研習,非學分班,2023/12/27,2023/12/29,高雄市 市立新興高中,高雄市新興區
4091940,[環境教育] 藝術領域 教學中的藝術性 黑板畫,非學分班 (校本研習),2023/12/27,2023/12/27,臺東縣 臺東縣均一高中,臺東縣臺　東
4094467,文學的五感體驗,非學分班 (校本研習),2023/12/27,2023/12/27,南投縣 縣立旭光高中,南投縣草　屯
4111723,聖功女中-生命教育學科專業研習,非學分班,2023/12/27,2023/12/27,臺南市 財團法人聖功女中,臺南市北　區
4111739,[自主學習]音樂路走去哪？,非學分班,2023/12/27,2023/12/27,高雄市 國立中山大學附屬國光高中,高雄市楠梓區
4113405,【素養導向】古琴音樂簡介,非學分班,2023/12/27,2023/12/27,南投縣 私立弘明實驗高中,南投縣名　間
4115671,[精進數位]A1數位學習工作坊-科技輔助自主學習,非學分班,2023/12/27,2023/12/27,基隆市 市立安樂高中,基隆市安樂區
4116684,自主學習的動機激發、執行力與困難解決,非學分班,2023/12/27,2023/12/27,新竹縣 國立竹北高中,新竹縣竹　北
4124400,雙語教師專業社群成長多益研習(七),非學分班,2023/12/27,2023/12/27,臺中市 私立新民高中,臺中市北　區
4126568,如何引導學生自主學習研習,非學分班,2023/12/27,2023/12/27,屏東縣 國立屏東高中,屏東縣屏　東
4126694,[雙語教育]112學年度第一學期雙語教學共備增能工作坊(十四),非學分班,2023/12/27,2023/12/27,宜蘭縣 國立宜蘭高中,宜蘭縣宜　蘭
3973289,正向管教與班級經營教師增能研習,非學分班,2023/12/28,2023/12/28,臺中市 市立后綜高中,臺中市后里區
4024562,112-1自然科學探究與實作教材教法及命題系列工作坊五_桃竹苗場,非學分班,2023/12/28,2023/12/28,臺北市 國立師大附中,桃園市中　壢
4047741,路竹科技中心【國中資科】創意藍牙音箱製作2,非學分班,2023/12/28,2023/12/28,高雄市 市立路竹高中,高雄市路竹區
4115872,平板導入教學,非學分班 (校本研習),2023/12/28,2023/12/28,桃園市 桃園市振聲高中,桃園市桃　園
4112746,【竹崎科技中心】「國小科議」─程控機器人入門進階(LEGO EV3 Education  Expansion Set),非學分班,2023/12/29,2023/12/29,嘉義縣 縣立竹崎高中,嘉義縣竹　崎
課程代碼,研習名稱,性質,課程開始日期,課程結束日期,辦理研習單位,開課地點
4112748,【竹崎科技中心】「國中資科」─積木程式,非學分班,2023/12/29,2023/12/29,嘉義縣 縣立竹崎高中,嘉義縣竹　崎
4077127,[領綱宣導]112-1高中數學公開觀課研習,非學分班,2023/12/31,2023/12/31,高雄市 市立新興高中,高雄市新興區
4005111,[雙語教育]高中英文中外師共備工作坊（第二場次）,非學分班,2024/01/02,2024/01/02,新竹縣 縣立湖口高中,新竹縣湖　口
4115883,一個英文老師與台語的邂逅,非學分班 (校本研習),2024/01/02,2024/01/02,桃園市 桃園市振聲高中,桃園市桃　園
4015085,112學年第一學期第四次導師事務研習,非學分班 (校本研習),2024/01/03,2024/01/03,新竹縣 國立竹北高中,新竹縣竹　北
4045164,教育部國民及學前教育署補助高級中等學校 部分領域課程雙語教學計畫「雙語教學共備社群」-口語課,非學分班,2024/01/03,2024/01/03,高雄市 市立仁武高中,高雄市仁武區
4091133,線上遊戲化教學活動設計,非學分班,2024/01/03,2024/01/03,新竹市 國立竹科實驗高級中等學校,新竹市新竹市
4122348,課程諮詢專業輔導知能研習,非學分班,2024/01/03,2024/01/03,宜蘭縣 國立宜蘭高中,宜蘭縣宜　蘭
4024592,112-1自然科學探究與實作教材教法及命題系列工作坊五_中彰投場,非學分班,2024/01/04,2024/01/04,臺北市 國立師大附中,彰化縣田　中
4111795,112-1 《網紅與行銷》工作坊,非學分班,2024/01/04,2024/01/04,高雄市 市立路竹高中,高雄市路竹區
4113612,會考試題趨勢解析,非學分班,2024/01/04,2024/01/04,臺南市 財團法人慈濟高中,臺南市安平區
4126815,正念教育6,非學分班,2024/01/04,2024/01/04,彰化縣 縣立彰化藝術高中,彰化縣彰　化
3980086,[初階回饋]教師研習工作坊(9),非學分班 (校本研習),2024/01/05,2024/01/05,高雄市 私立大榮高中,高雄市鼓山區
4002562,輔導教師成長團體實施計畫-團體督導,非學分班,2024/01/05,2024/01/05,高雄市 市立仁武高中,高雄市仁武區
4061348,中山大學附中112-1優質化專題in joy社群──AI體驗式探究教材發想,非學分班,2024/01/05,2024/01/05,高雄市 國立中山大學附屬國光高中,高雄市楠梓區
4062523,從經典名著看世界-教學與課程設計工作坊(四),非學分班,2024/01/06,2024/01/07,彰化縣 縣立彰化藝術高中,彰化縣彰　化
4110541,【國中生科】常見機具保養與維護(科技教師),非學分班,2024/01/06,2024/01/06,新北市 市立錦和高中,新北市中和區
4130093,光劍製作研習,非學分班,2024/01/06,2024/01/06,高雄市 市立前鎮高中,高雄市前鎮區
3928786,玩聚設計桌遊與故事,非學分班,2024/01/08,2024/01/08,桃園市 市立大溪高中,桃園市大　溪
4029117,Charles公開觀課後討論,非學分班 (校本研習),2024/01/08,2024/01/08,桃園市 私立大華高中,桃園市楊　梅
課程代碼,研習名稱,性質,課程開始日期,課程結束日期,辦理研習單位,開課地點
4089808,[媒體素養]澤麼把悲慘化為動力：新媒體經營！,非學分班,2024/01/08,2024/01/08,臺南市 國立新化高中,臺南市新化區
4116022,跨領域的雙語教學,非學分班 (校本研習),2024/01/08,2024/01/08,桃園市 桃園市振聲高中,桃園市桃　園
3879958,即興劇場工作坊【CLASS-5即興PK開賽】,非學分班,2024/01/09,2024/01/09,桃園市 市立壽山高中,桃園市龜　山
4028202,六家科技中心【國中資科】Python程式語言基礎(四)教師增能研習,非學分班,2024/01/09,2024/01/09,新竹縣 縣立六家高級中學,新竹縣竹　北
4124254,[素養導向]「定向越野」,非學分班,2024/01/09,2024/01/09,臺南市 市立土城高中,臺南市安南區
4008514,愛的接力賽,非學分班 (校本研習),2024/01/10,2024/01/10,桃園市 桃園市振聲高中,桃園市桃　園
4045167,教育部國民及學前教育署補助高級中等學校 部分領域課程雙語教學計畫「雙語教學共備社群」-口語課,非學分班,2024/01/10,2024/01/10,高雄市 市立仁武高中,高雄市仁武區
4061739,【國小科議】AI繪圖LED燈光畫(科技教師),非學分班,2024/01/10,2024/01/10,新北市 市立錦和高中,新北市中和區
4126774,112-1生命教育科-靈性休養與學生專注力的教與學,非學分班 (校本研習),2024/01/10,2024/01/10,臺中市 私立曉明女中,臺中市北　區
4045088,[素養導向]112-1學習歷程檔案與課程學習成果講座-桃竹苗場2,非學分班,2024/01/11,2024/01/11,臺北市 國立師大附中,桃園市中　壢
4090005,112年度英文科社群共備(十),非學分班,2024/01/11,2024/01/11,宜蘭縣 國立宜蘭高中,宜蘭縣宜　蘭
4126818,正念教育7,非學分班,2024/01/11,2024/01/11,彰化縣 縣立彰化藝術高中,彰化縣彰　化
4002613,輔導教師成長團體實施計畫-個別督導,非學分班,2024/01/12,2024/01/12,高雄市 市立仁武高中,高雄市仁武區
4092895,教育中的社會性藝術工作 優律思美,非學分班 (校本研習),2024/01/13,2024/01/13,臺東縣 臺東縣均一高中,臺東縣臺　東
4126776,112-1國文科-字縫裡的秘密,非學分班,2024/01/15,2024/01/15,臺中市 私立曉明女中,臺中市北　區
4019911,112學年度第1學期「宜蘭學校定必修教師社群研習」(八),非學分班,2024/01/16,2024/01/16,宜蘭縣 國立宜蘭高中,宜蘭縣宜　蘭
4116042,開運年菜甜點研習,非學分班,2024/01/17,2024/01/17,高雄市 市立左營高中,高雄市左營區
4027783,會動的風景畫教案分享與實作,非學分班,2024/01/18,2024/01/18,桃園市 市立壽山高中,桃園市龜　山
4109713,左營高中教師校訂課程研習【閱讀與專題】,非學分班,2024/01/18,2024/01/18,高雄市 市立左營高中,高雄市左營區
